SKU,Title,Product Type,Description,Price,Quantity,Media Link,Media Type,Media Links
DIABFHW26049,,Bracelets,"SIZE 2XL
LB 520
NW 2.140",520,1,https://gembox.app/s/nbICu17t84,video360,"https://media.gemlightbox.com/videos/gallery/207732/1774248536123-c06abae5806d49060de4-fb08da6332fc956fee6e2041f72748edmp4.mp4?tr=f-mp4,https://media.gemlightbox.com/images/gallery/207732/1774248655583-72c949c24e81147d9a7f-019d19741137744b8296516ee2810407original.png?tr=f-jpg"
,,,,,,,video360,https://media.gemlightbox.com/videos/gallery/207732/1774248536123-c06abae5806d49060de4-fb08da6332fc956fee6e2041f72748edmp4.mp4?tr=f-mp4
,,,,,,,image,https://media.gemlightbox.com/images/gallery/207732/1774248655583-72c949c24e81147d9a7f-019d19741137744b8296516ee2810407original.png?tr=f-jpg
DIABFHR26049,,Bracelets,"SIZE 2XL
LB 520
NW 2.130",520,1,https://gembox.app/s/32LUrBMSIL,video360,"https://media.gemlightbox.com/videos/gallery/207732/1774247885146-ee5b043dae39264ed27f-e5b02984a6ac7fee09c1744ec5525b52mp4.mp4?tr=f-mp4,https://media.gemlightbox.com/images/gallery/207732/1774247932594-9c7451b7137495ef7d6d-019d196a17c97aa6ac60c16ddfecd31boriginal.png?tr=f-jpg"
,,,,,,,video360,https://media.gemlightbox.com/videos/gallery/207732/1774247885146-ee5b043dae39264ed27f-e5b02984a6ac7fee09c1744ec5525b52mp4.mp4?tr=f-mp4
,,,,,,,image,https://media.gemlightbox.com/images/gallery/207732/1774247932594-9c7451b7137495ef7d6d-019d196a17c97aa6ac60c16ddfecd31boriginal.png?tr=f-jpg
BIABFHW26048,,,"SIZE 2XL
LB 520
NW 2.670",520,1,https://gembox.app/s/tIBEN9qyeg,video360,"https://media.gemlightbox.com/videos/gallery/207732/1774246080178-fe4be38640533bc36158-8c990ed07a7d267bb95701c9362e6399mp4.mp4?tr=f-mp4,https://media.gemlightbox.com/images/gallery/207732/1774246233523-5a8d8202250327816991-019d194e96b67ff5b2a1d0014055c4b1original.png?tr=f-jpg"
,,,,,,,video360,https://media.gemlightbox.com/videos/gallery/207732/1774246080178-fe4be38640533bc36158-8c990ed07a7d267bb95701c9362e6399mp4.mp4?tr=f-mp4
,,,,,,,image,https://media.gemlightbox.com/images/gallery/207732/1774246233523-5a8d8202250327816991-019d194e96b67ff5b2a1d0014055c4b1original.png?tr=f-jpg
DIABFHR26047,,Bracelets,"SIZE 2XL
LB 520
NW 1.850",520,1,https://gembox.app/s/SaiN5y5flo,video360,"https://media.gemlightbox.com/videos/gallery/207732/1774244617621-a44da1cc62c1faea952c-c0d5104cfa2c2dfccbc43828711b0a7cmp4.mp4?tr=f-mp4,https://media.gemlightbox.com/images/gallery/207732/1774244710630-679ce8f313f44fa46629-019d19382e897cc7806b6a243cf81f7doriginal.png?tr=f-jpg"
,,,,,,,video360,https://media.gemlightbox.com/videos/gallery/207732/1774244617621-a44da1cc62c1faea952c-c0d5104cfa2c2dfccbc43828711b0a7cmp4.mp4?tr=f-mp4
,,,,,,,image,https://media.gemlightbox.com/images/gallery/207732/1774244710630-679ce8f313f44fa46629-019d19382e897cc7806b6a243cf81f7doriginal.png?tr=f-jpg
DIABFHW26046,,Bracelets,"SIZE 2XL
LB 520
NW 1.570",520,1,https://gembox.app/s/azv7VnOQpV,video360,"https://media.gemlightbox.com/videos/gallery/207732/1774244321187-0b513aa178e88d62241e-5b13b1744d07e08b85338f4fa863e4bfmp4.mp4?tr=f-mp4,https://media.gemlightbox.com/images/gallery/207732/1774244540408-8e44eda68e198a17560e-019d1933c1a47cc7806b4480cd2ef3dcoriginal.png?tr=f-jpg"
,,,,,,,video360,https://media.gemlightbox.com/videos/gallery/207732/1774244321187-0b513aa178e88d62241e-5b13b1744d07e08b85338f4fa863e4bfmp4.mp4?tr=f-mp4
,,,,,,,image,https://media.gemlightbox.com/images/gallery/207732/1774244540408-8e44eda68e198a17560e-019d1933c1a47cc7806b4480cd2ef3dcoriginal.png?tr=f-jpg
DIABFHW26037,,,"SIZE 2XL
LB 500
NW 3.460",500,1,https://gembox.app/s/0THqpniLPN,video360,"https://media.gemlightbox.com/videos/gallery/207732/1774193819333-6383f992044abd5b4405-42cb992389d163e25fea94da9c15ad59mp4.mp4?tr=f-mp4,https://media.gemlightbox.com/images/gallery/207732/1774194065024-759320a763bccb8477d8-019d1631266a7888afbb3ef76b940c07original.png?tr=f-jpg"
,,,,,,,video360,https://media.gemlightbox.com/videos/gallery/207732/1774193819333-6383f992044abd5b4405-42cb992389d163e25fea94da9c15ad59mp4.mp4?tr=f-mp4
,,,,,,,image,https://media.gemlightbox.com/images/gallery/207732/1774194065024-759320a763bccb8477d8-019d1631266a7888afbb3ef76b940c07original.png?tr=f-jpg
DIABFHR26037,,Bracelets,"SIZE 2XL
LB 500
NW 2.230",500,1,https://gembox.app/s/O6RGf4BAsW,video360,"https://media.gemlightbox.com/videos/gallery/207732/1774193683858-df3bc4278b6fe3495370-83bfed02d61cf8a5596569f9ad9e01ebmp4.mp4?tr=f-mp4,https://media.gemlightbox.com/images/gallery/207732/1774193718682-d77441fdd4fb6ebe9507-019d162f1a627888afbb11fbcb613b90original.png?tr=f-jpg"
,,,,,,,video360,https://media.gemlightbox.com/videos/gallery/207732/1774193683858-df3bc4278b6fe3495370-83bfed02d61cf8a5596569f9ad9e01ebmp4.mp4?tr=f-mp4
,,,,,,,image,https://media.gemlightbox.com/images/gallery/207732/1774193718682-d77441fdd4fb6ebe9507-019d162f1a627888afbb11fbcb613b90original.png?tr=f-jpg
DIABFHW26038,,,"SIZE 2XL
LB 500
NW 4.16",500,1,https://gembox.app/s/KMjLhztqS7,video360,"https://media.gemlightbox.com/videos/gallery/207732/1774193530468-7e085291adf6dbeeba28-80524216b423d6b9d1f4f7022831835fmp4.mp4?tr=f-mp4,https://media.gemlightbox.com/images/gallery/207732/1774193629462-0c95edb4dc509d73668e-019d162cc2087888afbae8b95ac3cfd1original.png?tr=f-jpg"
,,,,,,,video360,https://media.gemlightbox.com/videos/gallery/207732/1774193530468-7e085291adf6dbeeba28-80524216b423d6b9d1f4f7022831835fmp4.mp4?tr=f-mp4
,,,,,,,image,https://media.gemlightbox.com/images/gallery/207732/1774193629462-0c95edb4dc509d73668e-019d162cc2087888afbae8b95ac3cfd1original.png?tr=f-jpg
DIABFHR26038,,Bracelets,"SIZE 2XL
LB 500
NW 4.170",500,1,https://gembox.app/s/d6ZIbS1bqj,video360,"https://media.gemlightbox.com/videos/gallery/207732/1774193313063-ace921a70754c2fb6df6-c208ca0418bbf737282c8bf5ba5da50emp4.mp4?tr=f-mp4,https://media.gemlightbox.com/images/gallery/207732/1774193394784-837b455e0752250fe545-019d16296d807888afba733be2c3faeaoriginal.png?tr=f-jpg"
,,,,,,,video360,https://media.gemlightbox.com/videos/gallery/207732/1774193313063-ace921a70754c2fb6df6-c208ca0418bbf737282c8bf5ba5da50emp4.mp4?tr=f-mp4
,,,,,,,image,https://media.gemlightbox.com/images/gallery/207732/1774193394784-837b455e0752250fe545-019d16296d807888afba733be2c3faeaoriginal.png?tr=f-jpg
DIABBLW26035,,,"SIZE ADJUSTABLE
LB 500
NW 4.09",500,1,https://gembox.app/s/zq6peOVPpY,video360,"https://media.gemlightbox.com/videos/gallery/207732/1774193120392-fa05499f91eb416b891f-725578180aa69074232c76d0b6b19056mp4.mp4?tr=f-mp4,https://media.gemlightbox.com/images/gallery/207732/1774193184264-7094be845330e8839d07-019d162680d67888afba261fa350722doriginal.png?tr=f-jpg"
,,,,,,,video360,https://media.gemlightbox.com/videos/gallery/207732/1774193120392-fa05499f91eb416b891f-725578180aa69074232c76d0b6b19056mp4.mp4?tr=f-mp4
,,,,,,,image,https://media.gemlightbox.com/images/gallery/207732/1774193184264-7094be845330e8839d07-019d162680d67888afba261fa350722doriginal.png?tr=f-jpg
DIABBLR26035,,,"SIZE ADJUSTABLE
LB 500
NW 4.040",500,1,https://gembox.app/s/gOQfeUcqVN,video360,"https://media.gemlightbox.com/videos/gallery/207732/1774192822191-5e84bc9868677703a541-4f5a95b766822b6361ab776a4692a7edmp4.mp4?tr=f-mp4,https://media.gemlightbox.com/images/gallery/207732/1774192897540-eaa6595f897707f12215-019d1621f05a7888afb983d200f9d6b3original.png?tr=f-jpg"
,,,,,,,video360,https://media.gemlightbox.com/videos/gallery/207732/1774192822191-5e84bc9868677703a541-4f5a95b766822b6361ab776a4692a7edmp4.mp4?tr=f-mp4
,,,,,,,image,https://media.gemlightbox.com/images/gallery/207732/1774192897540-eaa6595f897707f12215-019d1621f05a7888afb983d200f9d6b3original.png?tr=f-jpg
DIABBLW26036,,Bracelets,"SIZE ADJUSTABLE
LB 500
NW 5.170",500,1,https://gembox.app/s/TzbpWjcJFE,video360,"https://media.gemlightbox.com/videos/gallery/207732/1774192655447-ff29a9ed8bb859902fa2-af4159fe4c4a30bc74e331be972f7f35mp4.mp4?tr=f-mp4,https://media.gemlightbox.com/images/gallery/207732/1774192693687-20aa511b9c8a3a72ac55-019d161f64367888afb95fac9056205aoriginal.png?tr=f-jpg"
,,,,,,,video360,https://media.gemlightbox.com/videos/gallery/207732/1774192655447-ff29a9ed8bb859902fa2-af4159fe4c4a30bc74e331be972f7f35mp4.mp4?tr=f-mp4
,,,,,,,image,https://media.gemlightbox.com/images/gallery/207732/1774192693687-20aa511b9c8a3a72ac55-019d161f64367888afb95fac9056205aoriginal.png?tr=f-jpg
DIABBLR26036,,Bracelets,"SIZE ADJUSTABLE
LB 500
NW 4.990",500,1,https://gembox.app/s/hkGHtbvsnI,video360,"https://media.gemlightbox.com/videos/gallery/207732/1774192280301-499f4c2a187d5e541154-a35619ddbc436a41a8a666203d932f3fmp4.mp4?tr=f-mp4,https://media.gemlightbox.com/images/gallery/207732/1774192336625-106ae05a8edb7e02cfe0-019d1619ac267888afb8b9dce4022592original.png?tr=f-jpg"
,,,,,,,video360,https://media.gemlightbox.com/videos/gallery/207732/1774192280301-499f4c2a187d5e541154-a35619ddbc436a41a8a666203d932f3fmp4.mp4?tr=f-mp4
,,,,,,,image,https://media.gemlightbox.com/images/gallery/207732/1774192336625-106ae05a8edb7e02cfe0-019d1619ac267888afb8b9dce4022592original.png?tr=f-jpg
DIABBLR26033,,Bracelets,"SIZE ADJUSTABLE
LB 500
NW 4.00",500,1,https://gembox.app/s/Jd1iqSvf27,video360,"https://media.gemlightbox.com/videos/gallery/207732/1774192493372-965714eb5971a5500456-7b981b9e369212ea3ae3644538a09050mp4.mp4?tr=f-mp4,https://media.gemlightbox.com/images/gallery/207732/1774192532740-e27f3eb8a7526aa50781-019d161cee167888afb93567c87d0c26original.png?tr=f-jpg"
,,,,,,,video360,https://media.gemlightbox.com/videos/gallery/207732/1774192493372-965714eb5971a5500456-7b981b9e369212ea3ae3644538a09050mp4.mp4?tr=f-mp4
,,,,,,,image,https://media.gemlightbox.com/images/gallery/207732/1774192532740-e27f3eb8a7526aa50781-019d161cee167888afb93567c87d0c26original.png?tr=f-jpg
DIABBLW26033,,Bracelets,"SIZE ADJUSTABLE
LB 500
NW 3.910",500,1,https://gembox.app/s/lzxlpIpgAC,video360,"https://media.gemlightbox.com/videos/gallery/207732/1774191951918-edbcd569b71cde46b30c-bc342399e9b7828e86a0f14c86dab90cmp4.mp4?tr=f-mp4,https://media.gemlightbox.com/images/gallery/207732/1774192001383-a5b61eaca1d44cd13282-019d1614ab1d7888afb83c05fc3f33d3original.png?tr=f-jpg,https://media.gemlightbox.com/images/gallery/207732/1774192001391-005fa55eb834713d05e1-019d1614ab247888afb8475a0bd15d27original.png?tr=f-jpg,https://media.gemlightbox.com/images/gallery/207732/1774192001641-cae6702d3787048709c2-019d1614ab2d7888afb84e0f225c8c2aoriginal.png?tr=f-jpg,https://media.gemlightbox.com/images/gallery/207732/1774192001643-848679f0b84d9384dbbb-019d1614ab337888afb85109b2f56a27original.png?tr=f-jpg"
,,,,,,,video360,https://media.gemlightbox.com/videos/gallery/207732/1774191951918-edbcd569b71cde46b30c-bc342399e9b7828e86a0f14c86dab90cmp4.mp4?tr=f-mp4
,,,,,,,image,https://media.gemlightbox.com/images/gallery/207732/1774192001383-a5b61eaca1d44cd13282-019d1614ab1d7888afb83c05fc3f33d3original.png?tr=f-jpg
,,,,,,,image,https://media.gemlightbox.com/images/gallery/207732/1774192001391-005fa55eb834713d05e1-019d1614ab247888afb8475a0bd15d27original.png?tr=f-jpg
,,,,,,,image,https://media.gemlightbox.com/images/gallery/207732/1774192001641-cae6702d3787048709c2-019d1614ab2d7888afb84e0f225c8c2aoriginal.png?tr=f-jpg
,,,,,,,image,https://media.gemlightbox.com/images/gallery/207732/1774192001643-848679f0b84d9384dbbb-019d1614ab337888afb85109b2f56a27original.png?tr=f-jpg
DIABBLW26034,,Bracelets,"SIZE ADJUSTABLE
LB 500
NW 5.15",500,1,https://gembox.app/s/cPe7yrNeGK,video360,"https://media.gemlightbox.com/videos/gallery/207732/1774191823684-692057ff536d20b7d797-5db156d75c5c4f747604917cc3f156famp4.mp4?tr=f-mp4,https://media.gemlightbox.com/images/gallery/207732/1774191883765-98c8394f2474b6d64a70-019d1612b8db7888afb810dad2db2f38original.png?tr=f-jpg"
,,,,,,,video360,https://media.gemlightbox.com/videos/gallery/207732/1774191823684-692057ff536d20b7d797-5db156d75c5c4f747604917cc3f156famp4.mp4?tr=f-mp4
,,,,,,,image,https://media.gemlightbox.com/images/gallery/207732/1774191883765-98c8394f2474b6d64a70-019d1612b8db7888afb810dad2db2f38original.png?tr=f-jpg
DIABBLR26034,,Bracelets,"SIZE ADJUSTABLE
LB 500
NW 5.180",500,1,https://gembox.app/s/ipnu4WBewK,video360,"https://media.gemlightbox.com/videos/gallery/207732/1774191689834-6f989b0a09951f198309-f45ea7e89cda7910f6398b4f1f533cdbmp4.mp4?tr=f-mp4,https://media.gemlightbox.com/images/gallery/207732/1774191754784-290b04da87c16130e525-019d1610a9987888afb7c5bb81144c93original.png?tr=f-jpg"
,,,,,,,video360,https://media.gemlightbox.com/videos/gallery/207732/1774191689834-6f989b0a09951f198309-f45ea7e89cda7910f6398b4f1f533cdbmp4.mp4?tr=f-mp4
,,,,,,,image,https://media.gemlightbox.com/images/gallery/207732/1774191754784-290b04da87c16130e525-019d1610a9987888afb7c5bb81144c93original.png?tr=f-jpg
DIABBLW26039,,,"SIZE ADJUSTABLE
LB 500
NW 3.560",500,1,https://gembox.app/s/AgWYF2Wzkj,video360,"https://media.gemlightbox.com/videos/gallery/207732/1774191435745-7df5c7c040bbec9157ea-4192a2badf619055d5c9928363054c76mp4.mp4?tr=f-mp4,https://media.gemlightbox.com/images/gallery/207732/1774191494584-e1abdd2b36c8662f8ca5-019d160cd2427888afb7771b1941ee7foriginal.png?tr=f-jpg"
,,,,,,,video360,https://media.gemlightbox.com/videos/gallery/207732/1774191435745-7df5c7c040bbec9157ea-4192a2badf619055d5c9928363054c76mp4.mp4?tr=f-mp4
,,,,,,,image,https://media.gemlightbox.com/images/gallery/207732/1774191494584-e1abdd2b36c8662f8ca5-019d160cd2427888afb7771b1941ee7foriginal.png?tr=f-jpg
DIABBLR26039,,Bracelets,"SIZE ADJUSTABLE 
LB 500
NW 3.600",500,1,https://gembox.app/s/snc2Oj2TIR,video360,"https://media.gemlightbox.com/videos/gallery/207732/1774191293367-fe66768ca4acaa043a5d-c6ec0af20d8786356ce45869d1353dd6mp4.mp4?tr=f-mp4,https://media.gemlightbox.com/images/gallery/207732/1774191302821-a09085d79ff109db9a03-019d1603e5ba766b8081824449cdea65original.png?tr=f-jpg"
,,,,,,,video360,https://media.gemlightbox.com/videos/gallery/207732/1774191293367-fe66768ca4acaa043a5d-c6ec0af20d8786356ce45869d1353dd6mp4.mp4?tr=f-mp4
,,,,,,,image,https://media.gemlightbox.com/images/gallery/207732/1774191302821-a09085d79ff109db9a03-019d1603e5ba766b8081824449cdea65original.png?tr=f-jpg
DIABBLW26040,,Bracelets,"SIZE ADJUSTABLE
LB 500
NW 4.160",500,1,https://gembox.app/s/5UnLlWWPtd,video360,"https://media.gemlightbox.com/videos/gallery/207732/1774191261622-bd2ec82e1de35f917068-631e5f838240514526e56b6219fb67f2mp4.mp4?tr=f-mp4,https://media.gemlightbox.com/images/gallery/207732/1774191274604-022f4218c6e26ffe75eb-019d16005bc2766b80815fc6038138d2original.png?tr=f-jpg"
,,,,,,,video360,https://media.gemlightbox.com/videos/gallery/207732/1774191261622-bd2ec82e1de35f917068-631e5f838240514526e56b6219fb67f2mp4.mp4?tr=f-mp4
,,,,,,,image,https://media.gemlightbox.com/images/gallery/207732/1774191274604-022f4218c6e26ffe75eb-019d16005bc2766b80815fc6038138d2original.png?tr=f-jpg
DIABBLW26041,,,"SIZE ADJUSTABLE 
LB 500
NW 3.770",500,1,https://gembox.app/s/hpi5F8FmFM,video360,"https://media.gemlightbox.com/videos/gallery/207732/1774190444924-91d2eb39cd90e8e81356-74f28dd08e433e713131d85425250a01mp4.mp4?tr=f-mp4,https://media.gemlightbox.com/images/gallery/207732/1774190498990-54e5b41f6e579e4f38e1-019d15fd99bc766b8081080150692a11original.png?tr=f-jpg,https://media.gemlightbox.com/images/gallery/207732/1774190498995-464bc967f1b15fdbaa8f-019d15fd99c4766b8081167d5befa71boriginal.png?tr=f-jpg,https://media.gemlightbox.com/images/gallery/207732/1774190499167-bf0cb9c32a357c182340-019d15fd99ce766b80811e9544d5b0bboriginal.png?tr=f-jpg,https://media.gemlightbox.com/images/gallery/207732/1774190499169-1e5a6f9d8d798073e52a-019d15fd99dc766b808120ca0d279797original.png?tr=f-jpg"
,,,,,,,video360,https://media.gemlightbox.com/videos/gallery/207732/1774190444924-91d2eb39cd90e8e81356-74f28dd08e433e713131d85425250a01mp4.mp4?tr=f-mp4
,,,,,,,image,https://media.gemlightbox.com/images/gallery/207732/1774190498990-54e5b41f6e579e4f38e1-019d15fd99bc766b8081080150692a11original.png?tr=f-jpg
,,,,,,,image,https://media.gemlightbox.com/images/gallery/207732/1774190498995-464bc967f1b15fdbaa8f-019d15fd99c4766b8081167d5befa71boriginal.png?tr=f-jpg
,,,,,,,image,https://media.gemlightbox.com/images/gallery/207732/1774190499167-bf0cb9c32a357c182340-019d15fd99ce766b80811e9544d5b0bboriginal.png?tr=f-jpg
,,,,,,,image,https://media.gemlightbox.com/images/gallery/207732/1774190499169-1e5a6f9d8d798073e52a-019d15fd99dc766b808120ca0d279797original.png?tr=f-jpg
DIABFHW26045,,,"SIZE 2XL
LB 500
NW 2.710",500,1,https://gembox.app/s/9dZa7ZcfXo,video360,"https://media.gemlightbox.com/videos/gallery/207732/1774190308545-ae8ba16e45f4ab0cec97-0a311f5bf6f0f62326726d407e219b25mp4.mp4?tr=f-mp4,https://media.gemlightbox.com/images/gallery/207732/1774190366448-7ac441381c2ee68ab906-019d15fb8368766b8080e6a35f09e924original.png?tr=f-jpg"
,,,,,,,video360,https://media.gemlightbox.com/videos/gallery/207732/1774190308545-ae8ba16e45f4ab0cec97-0a311f5bf6f0f62326726d407e219b25mp4.mp4?tr=f-mp4
,,,,,,,image,https://media.gemlightbox.com/images/gallery/207732/1774190366448-7ac441381c2ee68ab906-019d15fb8368766b8080e6a35f09e924original.png?tr=f-jpg
DIABFHW26006,,Bracelets,"SIZE 2XL
LB 750
NW 2.480",750,1,https://gembox.app/s/ktr577BTu7,video360,"https://media.gemlightbox.com/videos/gallery/207732/1774188017117-c6f2250bd5a02a5b5756-205a3e90588c7299ec273d0fac5bdaa1mp4.mp4?tr=f-mp4,https://media.gemlightbox.com/images/gallery/207732/1774188065307-bd13ca9931e1210ab1b3-019d15d89d5a7eec8b3794f68e6baba4original.png?tr=f-jpg"
,,,,,,,video360,https://media.gemlightbox.com/videos/gallery/207732/1774188017117-c6f2250bd5a02a5b5756-205a3e90588c7299ec273d0fac5bdaa1mp4.mp4?tr=f-mp4
,,,,,,,image,https://media.gemlightbox.com/images/gallery/207732/1774188065307-bd13ca9931e1210ab1b3-019d15d89d5a7eec8b3794f68e6baba4original.png?tr=f-jpg
DIABFHR26006,,Bracelets,"SIZE 2XL
LB 750
NW 2.47",750,1,https://gembox.app/s/fMi122z79c,video360,"https://media.gemlightbox.com/videos/gallery/207732/1774187808577-e898e58225826563675c-d5f91705b89393d14492cc4e933a2244mp4.mp4?tr=f-mp4,https://media.gemlightbox.com/images/gallery/207732/1774187875613-f9722a2df5d5629560a4-019d15d573d271178db37964be48dec6original.png?tr=f-jpg"
,,,,,,,video360,https://media.gemlightbox.com/videos/gallery/207732/1774187808577-e898e58225826563675c-d5f91705b89393d14492cc4e933a2244mp4.mp4?tr=f-mp4
,,,,,,,image,https://media.gemlightbox.com/images/gallery/207732/1774187875613-f9722a2df5d5629560a4-019d15d573d271178db37964be48dec6original.png?tr=f-jpg
DIABFHY26003,,Bracelets,"LB 750
NW 2.610
SIZE 2XL",750,1,https://gembox.app/s/QhL7w6FyRH,video360,"https://media.gemlightbox.com/videos/gallery/207732/1774187417386-639bb9ba8afbff244137-12fc906e54a18f08e69491138b64e9cdmp4.mp4?tr=f-mp4,https://media.gemlightbox.com/images/gallery/207732/1774187449387-31b96ad5b3b18d20da24-019d15cf72387889964cf69083022b92original.png?tr=f-jpg"
,,,,,,,video360,https://media.gemlightbox.com/videos/gallery/207732/1774187417386-639bb9ba8afbff244137-12fc906e54a18f08e69491138b64e9cdmp4.mp4?tr=f-mp4
,,,,,,,image,https://media.gemlightbox.com/images/gallery/207732/1774187449387-31b96ad5b3b18d20da24-019d15cf72387889964cf69083022b92original.png?tr=f-jpg
DIABFHW26003,,,"SIZE 2XL 
LB 750
NW 2.460",750,1,https://gembox.app/s/F71M8mO380,video360,"https://media.gemlightbox.com/videos/gallery/207732/1774187064586-0ddb1660600ac045e746-d23513d823f177cf6ef691e34c2753e6mp4.mp4?tr=f-mp4,https://media.gemlightbox.com/images/gallery/207732/1774187104719-5fdf6c2872e75170e6a3-019d15c980c4755d998366678b65b11foriginal.png?tr=f-jpg"
,,,,,,,video360,https://media.gemlightbox.com/videos/gallery/207732/1774187064586-0ddb1660600ac045e746-d23513d823f177cf6ef691e34c2753e6mp4.mp4?tr=f-mp4
,,,,,,,image,https://media.gemlightbox.com/images/gallery/207732/1774187104719-5fdf6c2872e75170e6a3-019d15c980c4755d998366678b65b11foriginal.png?tr=f-jpg
DIABFHR26007,,Bracelets,"SIZE 2XL
LB 750
NW 3.78G",750,1,https://gembox.app/s/GvHflIX7TR,video360,"https://media.gemlightbox.com/videos/gallery/207732/1774186272579-737728b6770efbe4838c-a58cdc700070e998750987beaebca735mp4.mp4?tr=f-mp4,https://media.gemlightbox.com/images/gallery/207732/1774186381845-f96be5bf37195cfd5ede-019d15bdfa5d7000b84fc8be26c40f72original.png?tr=f-jpg,https://media.gemlightbox.com/images/gallery/207732/1774186381847-3fb7061e1f96358f4a5a-019d15bdfa657000b84fd4bcd6e52149original.png?tr=f-jpg"
,,,,,,,video360,https://media.gemlightbox.com/videos/gallery/207732/1774186272579-737728b6770efbe4838c-a58cdc700070e998750987beaebca735mp4.mp4?tr=f-mp4
,,,,,,,image,https://media.gemlightbox.com/images/gallery/207732/1774186381845-f96be5bf37195cfd5ede-019d15bdfa5d7000b84fc8be26c40f72original.png?tr=f-jpg
,,,,,,,image,https://media.gemlightbox.com/images/gallery/207732/1774186381847-3fb7061e1f96358f4a5a-019d15bdfa657000b84fd4bcd6e52149original.png?tr=f-jpg
DIABFHW26044,,,"SIZE 2XL
LB 500
NW 2.44",500,1,https://gembox.app/s/Nwa2KCo0t2,video360,"https://media.gemlightbox.com/videos/gallery/207732/1774185110995-3fd32b94862e841c35df-3b9465a2bcefbee8ae87318e2b9f1f5dmp4.mp4?tr=f-mp4,https://media.gemlightbox.com/images/gallery/207732/1774185176329-c6214513697332e55a20-019d15ac53427889998ff92889404b92original.png?tr=f-jpg"
,,,,,,,video360,https://media.gemlightbox.com/videos/gallery/207732/1774185110995-3fd32b94862e841c35df-3b9465a2bcefbee8ae87318e2b9f1f5dmp4.mp4?tr=f-mp4
,,,,,,,image,https://media.gemlightbox.com/images/gallery/207732/1774185176329-c6214513697332e55a20-019d15ac53427889998ff92889404b92original.png?tr=f-jpg
DIABTNR26043,,Bracelets,"SIZE 2XL
LB 500
NW 8.100
",500,1,https://gembox.app/s/4N8PVQTpVJ,video360,"https://media.gemlightbox.com/videos/gallery/207732/1774184602537-f9409f24dc1bd20b5210-6f7e12cc38a71500cfa390987284ffd7mp4.mp4?tr=f-mp4,https://media.gemlightbox.com/images/gallery/207732/1774184829974-731bcb3d4cf58d1a6e58-019d15a48f167889998fab4b1eca3261original.png?tr=f-jpg"
,,,,,,,video360,https://media.gemlightbox.com/videos/gallery/207732/1774184602537-f9409f24dc1bd20b5210-6f7e12cc38a71500cfa390987284ffd7mp4.mp4?tr=f-mp4
,,,,,,,image,https://media.gemlightbox.com/images/gallery/207732/1774184829974-731bcb3d4cf58d1a6e58-019d15a48f167889998fab4b1eca3261original.png?tr=f-jpg
DIABTNR26042,,,"SIZE 2XL
LB 500
NW 8.810",500,1,https://gembox.app/s/E5U5aXvI48,video360,"https://media.gemlightbox.com/videos/gallery/207732/1774184199524-4e4e2375c37ec7423d38-59eda96b90b8bb3cdf53bf3ce9d2994dmp4.mp4?tr=f-mp4,https://media.gemlightbox.com/images/gallery/207732/1774184287670-9aa66fdb29050fd67675-019d159e68837889998f08cdcfecae95original.png?tr=f-jpg"
,,,,,,,video360,https://media.gemlightbox.com/videos/gallery/207732/1774184199524-4e4e2375c37ec7423d38-59eda96b90b8bb3cdf53bf3ce9d2994dmp4.mp4?tr=f-mp4
,,,,,,,image,https://media.gemlightbox.com/images/gallery/207732/1774184287670-9aa66fdb29050fd67675-019d159e68837889998f08cdcfecae95original.png?tr=f-jpg
DIARBNW26047,,,"LB 500
NW 4.060
SIZE 14",500,1,https://gembox.app/s/l9TKhzHgKf,video360,"https://media.gemlightbox.com/videos/gallery/207732/1774180800753-714da2e49c985a6ead56-a7dfc60f7f3263f7306d24f2a7ac2ea2mp4.mp4?tr=f-mp4,https://media.gemlightbox.com/images/gallery/207732/1774180840555-128b47ca635ebd41df64-019d156a85d47771bb70855cc60b929aoriginal.png?tr=f-jpg,https://media.gemlightbox.com/images/gallery/207732/1774180840560-4f2cfb300768c1e289ac-019d156a85ec7771bb709a93f3f44292original.png?tr=f-jpg"
,,,,,,,video360,https://media.gemlightbox.com/videos/gallery/207732/1774180800753-714da2e49c985a6ead56-a7dfc60f7f3263f7306d24f2a7ac2ea2mp4.mp4?tr=f-mp4
,,,,,,,image,https://media.gemlightbox.com/images/gallery/207732/1774180840555-128b47ca635ebd41df64-019d156a85d47771bb70855cc60b929aoriginal.png?tr=f-jpg
,,,,,,,image,https://media.gemlightbox.com/images/gallery/207732/1774180840560-4f2cfb300768c1e289ac-019d156a85ec7771bb709a93f3f44292original.png?tr=f-jpg
DIARBNR26047,,,"LB 500
NW 3.920
SIZE 12",500,1,https://gembox.app/s/tNJi3NSfSB,video360,"https://media.gemlightbox.com/videos/gallery/207732/1774180595753-27bebe2f98b51813492c-4ab0bc9fab409dbde113e27a01703ea6mp4.mp4?tr=f-mp4,https://media.gemlightbox.com/images/gallery/207732/1774180630798-f300499567906ac533ce-019d156763627771bb700eba7060c793original.png?tr=f-jpg,https://media.gemlightbox.com/images/gallery/207732/1774180630804-54dd56499e32047a9539-019d156763827771bb70258076b832e5original.png?tr=f-jpg"
,,,,,,,video360,https://media.gemlightbox.com/videos/gallery/207732/1774180595753-27bebe2f98b51813492c-4ab0bc9fab409dbde113e27a01703ea6mp4.mp4?tr=f-mp4
,,,,,,,image,https://media.gemlightbox.com/images/gallery/207732/1774180630798-f300499567906ac533ce-019d156763627771bb700eba7060c793original.png?tr=f-jpg
,,,,,,,image,https://media.gemlightbox.com/images/gallery/207732/1774180630804-54dd56499e32047a9539-019d156763827771bb70258076b832e5original.png?tr=f-jpg
DIARBNW26046,,,"LB 500
NW 7
SIZE 15",500,1,https://gembox.app/s/ehZR8f8JIf,video360,"https://media.gemlightbox.com/videos/gallery/207732/1774180460258-f57a9779e1190ec70c10-3623f3e1a45cc96f019f47e67c1ce9a5mp4.mp4?tr=f-mp4,https://media.gemlightbox.com/images/gallery/207732/1774180495965-4ac53a43aef2ce789226-019d156552297771bb6fe18eec9cafaforiginal.png?tr=f-jpg,https://media.gemlightbox.com/images/gallery/207732/1774180495971-ba4d5bee7f620dee78b5-019d156552397771bb6fffed472271e4original.png?tr=f-jpg"
,,,,,,,video360,https://media.gemlightbox.com/videos/gallery/207732/1774180460258-f57a9779e1190ec70c10-3623f3e1a45cc96f019f47e67c1ce9a5mp4.mp4?tr=f-mp4
,,,,,,,image,https://media.gemlightbox.com/images/gallery/207732/1774180495965-4ac53a43aef2ce789226-019d156552297771bb6fe18eec9cafaforiginal.png?tr=f-jpg
,,,,,,,image,https://media.gemlightbox.com/images/gallery/207732/1774180495971-ba4d5bee7f620dee78b5-019d156552397771bb6fffed472271e4original.png?tr=f-jpg
DIARBNR26045,,,"LB 500
NW 2.310
SIZE 14",500,1,https://gembox.app/s/7zAungOF18,video360,"https://media.gemlightbox.com/videos/gallery/207732/1774180347731-c3b32b1629cdc98be151-a80a50e463d9f75ccd11f47599535804mp4.mp4?tr=f-mp4,https://media.gemlightbox.com/images/gallery/207732/1774180390343-5f6aefc4029185d4c5fb-019d15639bfd7771bb6f90299eb28fd0original.png?tr=f-jpg,https://media.gemlightbox.com/images/gallery/207732/1774180390348-733274915867d22a6fc8-019d15639c057771bb6faa6fa7396943original.png?tr=f-jpg"
,,,,,,,video360,https://media.gemlightbox.com/videos/gallery/207732/1774180347731-c3b32b1629cdc98be151-a80a50e463d9f75ccd11f47599535804mp4.mp4?tr=f-mp4
,,,,,,,image,https://media.gemlightbox.com/images/gallery/207732/1774180390343-5f6aefc4029185d4c5fb-019d15639bfd7771bb6f90299eb28fd0original.png?tr=f-jpg
,,,,,,,image,https://media.gemlightbox.com/images/gallery/207732/1774180390348-733274915867d22a6fc8-019d15639c057771bb6faa6fa7396943original.png?tr=f-jpg
DIARBNR26044,,,"LB 500
NW 2.130
SIZE 12",500,1,https://gembox.app/s/O87dWIY6Wx,video360,"https://media.gemlightbox.com/videos/gallery/207732/1774180240005-da39123e809d96ae75df-e07239c6bea774b5e80d5026deb54d17mp4.mp4?tr=f-mp4,https://media.gemlightbox.com/images/gallery/207732/1774180281844-0bb961e9f2777c6a18b5-019d1561f6157771bb6f426ba3a6b99aoriginal.png?tr=f-jpg,https://media.gemlightbox.com/images/gallery/207732/1774180281849-c4307d3ceb4e1f44c695-019d1561f6217771bb6f59f2e9b9fbe6original.png?tr=f-jpg"
,,,,,,,video360,https://media.gemlightbox.com/videos/gallery/207732/1774180240005-da39123e809d96ae75df-e07239c6bea774b5e80d5026deb54d17mp4.mp4?tr=f-mp4
,,,,,,,image,https://media.gemlightbox.com/images/gallery/207732/1774180281844-0bb961e9f2777c6a18b5-019d1561f6157771bb6f426ba3a6b99aoriginal.png?tr=f-jpg
,,,,,,,image,https://media.gemlightbox.com/images/gallery/207732/1774180281849-c4307d3ceb4e1f44c695-019d1561f6217771bb6f59f2e9b9fbe6original.png?tr=f-jpg
DIARFHR26043,,,"LB 500
NW 2.920
SIZE 11",500,1,https://gembox.app/s/rmghSmEfCn,video360,"https://media.gemlightbox.com/videos/gallery/207732/1774180129221-f4144cdb9d088e453f8c-d796dd771f05cbb186e8749e23bec128mp4.mp4?tr=f-mp4,https://media.gemlightbox.com/images/gallery/207732/1774180178908-ecf8bf02d29fcb372781-019d156046c57771bb6f1e16ce896e60original.png?tr=f-jpg,https://media.gemlightbox.com/images/gallery/207732/1774180178909-16d0b3f92a518576634c-019d156046c77771bb6f20bb93e3be1eoriginal.png?tr=f-jpg"
,,,,,,,video360,https://media.gemlightbox.com/videos/gallery/207732/1774180129221-f4144cdb9d088e453f8c-d796dd771f05cbb186e8749e23bec128mp4.mp4?tr=f-mp4
,,,,,,,image,https://media.gemlightbox.com/images/gallery/207732/1774180178908-ecf8bf02d29fcb372781-019d156046c57771bb6f1e16ce896e60original.png?tr=f-jpg
,,,,,,,image,https://media.gemlightbox.com/images/gallery/207732/1774180178909-16d0b3f92a518576634c-019d156046c77771bb6f20bb93e3be1eoriginal.png?tr=f-jpg
DIARFHW26043,,,"LB 500
NW 2.960
SIZE 10",500,1,https://gembox.app/s/NIW9zCfBxt,video360,"https://media.gemlightbox.com/videos/gallery/207732/1774180012884-c78b95d38a9f5936788c-d7eec2a9adf640e9311fc9745151183bmp4.mp4?tr=f-mp4,https://media.gemlightbox.com/images/gallery/207732/1774180052397-bac3a247365034a86af8-019d155e7dd67771bb6ef308d8248deaoriginal.png?tr=f-jpg,https://media.gemlightbox.com/images/gallery/207732/1774180052403-7dc7034d7cf17b27f2d4-019d155e7ddf7771bb6f0f61d75a191aoriginal.png?tr=f-jpg"
,,,,,,,video360,https://media.gemlightbox.com/videos/gallery/207732/1774180012884-c78b95d38a9f5936788c-d7eec2a9adf640e9311fc9745151183bmp4.mp4?tr=f-mp4
,,,,,,,image,https://media.gemlightbox.com/images/gallery/207732/1774180052397-bac3a247365034a86af8-019d155e7dd67771bb6ef308d8248deaoriginal.png?tr=f-jpg
,,,,,,,image,https://media.gemlightbox.com/images/gallery/207732/1774180052403-7dc7034d7cf17b27f2d4-019d155e7ddf7771bb6f0f61d75a191aoriginal.png?tr=f-jpg
DIARFHW26042,,,"LB 500
NW 1.440 
SIZE 14",500,1,https://gembox.app/s/fXghVEiF2y,video360,"https://media.gemlightbox.com/videos/gallery/207732/1774179891429-b61acc41b5d6f2ceb0ca-e0af8633c16808a4a69acabaffdb5c3bmp4.mp4?tr=f-mp4,https://media.gemlightbox.com/images/gallery/207732/1774179973803-da6f4cec3ac0d097978a-019d155ca34f7771bb6ecadce7c710c2original.png?tr=f-jpg,https://media.gemlightbox.com/images/gallery/207732/1774179973809-c4e2e79ed42274f91113-019d155ca3567771bb6ee598e6ed0dd3original.png?tr=f-jpg"
,,,,,,,video360,https://media.gemlightbox.com/videos/gallery/207732/1774179891429-b61acc41b5d6f2ceb0ca-e0af8633c16808a4a69acabaffdb5c3bmp4.mp4?tr=f-mp4
,,,,,,,image,https://media.gemlightbox.com/images/gallery/207732/1774179973803-da6f4cec3ac0d097978a-019d155ca34f7771bb6ecadce7c710c2original.png?tr=f-jpg
,,,,,,,image,https://media.gemlightbox.com/images/gallery/207732/1774179973809-c4e2e79ed42274f91113-019d155ca3567771bb6ee598e6ed0dd3original.png?tr=f-jpg
DIARFHR26042,,,"LB 500
NW 1.320
SIZE 9",500,1,https://gembox.app/s/12BE68YiIc,video360,"https://media.gemlightbox.com/videos/gallery/207732/1774182433719-80c4116fd21336c8b44c-4462c721f4d87d0e9945ac3ed897cf78mp4.mp4?tr=f-mp4,https://media.gemlightbox.com/images/gallery/207732/1774182535730-2edfe497015ec88661d1-019d15837037722f8970b68fa0fdad3coriginal.png?tr=f-jpg,https://media.gemlightbox.com/images/gallery/207732/1774182535735-56148fcc2fa1466f1fe7-019d15837040722f8970c9d9dc5f7bfdoriginal.png?tr=f-jpg"
,,,,,,,video360,https://media.gemlightbox.com/videos/gallery/207732/1774182433719-80c4116fd21336c8b44c-4462c721f4d87d0e9945ac3ed897cf78mp4.mp4?tr=f-mp4
,,,,,,,image,https://media.gemlightbox.com/images/gallery/207732/1774182535730-2edfe497015ec88661d1-019d15837037722f8970b68fa0fdad3coriginal.png?tr=f-jpg
,,,,,,,image,https://media.gemlightbox.com/images/gallery/207732/1774182535735-56148fcc2fa1466f1fe7-019d15837040722f8970c9d9dc5f7bfdoriginal.png?tr=f-jpg
DIARBDA26041,,,"LB 500
NW 2.150
SIZE 17",500,1,https://gembox.app/s/g0dNaoMg03,video360,"https://media.gemlightbox.com/videos/gallery/207732/1774179242269-31cc2e9e821284a4443a-085644a8ff334c89049fa314ac12ac1fmp4.mp4?tr=f-mp4,https://media.gemlightbox.com/images/gallery/207732/1774179457157-b4c45cb668167e26c528-019d1552be2b7771bb6e793167e3b6fcoriginal.png?tr=f-jpg,https://media.gemlightbox.com/images/gallery/207732/1774179457162-16d5af8589ba12007fda-019d1552be307771bb6e9364596a7918original.png?tr=f-jpg"
,,,,,,,video360,https://media.gemlightbox.com/videos/gallery/207732/1774179242269-31cc2e9e821284a4443a-085644a8ff334c89049fa314ac12ac1fmp4.mp4?tr=f-mp4
,,,,,,,image,https://media.gemlightbox.com/images/gallery/207732/1774179457157-b4c45cb668167e26c528-019d1552be2b7771bb6e793167e3b6fcoriginal.png?tr=f-jpg
,,,,,,,image,https://media.gemlightbox.com/images/gallery/207732/1774179457162-16d5af8589ba12007fda-019d1552be307771bb6e9364596a7918original.png?tr=f-jpg
DIARFHR26040,,Rings,"SIZE 12
NW 1.050
",500,1,https://gembox.app/s/h6M0xX4IwN,image,"https://media.gemlightbox.com/images/gallery/207732/1774179129067-8ad7cdc4e91878aecb45-019d154e6d5a7771bb6e68db532bceeaoriginal.png?tr=f-jpg,https://media.gemlightbox.com/images/gallery/207732/1774179128919-d1a0a9626650b0e442f0-019d154e6d517771bb6e57a2b916f96doriginal.png?tr=f-jpg,https://media.gemlightbox.com/videos/gallery/207732/1774178958599-1b00b5548180aa31d8a2-d2c6beef3bec30e68612f1b6e47e94bbmp4.mp4?tr=f-mp4"
,,,,,,,image,https://media.gemlightbox.com/images/gallery/207732/1774179129067-8ad7cdc4e91878aecb45-019d154e6d5a7771bb6e68db532bceeaoriginal.png?tr=f-jpg
,,,,,,,image,https://media.gemlightbox.com/images/gallery/207732/1774179128919-d1a0a9626650b0e442f0-019d154e6d517771bb6e57a2b916f96doriginal.png?tr=f-jpg
,,,,,,,video360,https://media.gemlightbox.com/videos/gallery/207732/1774178958599-1b00b5548180aa31d8a2-d2c6beef3bec30e68612f1b6e47e94bbmp4.mp4?tr=f-mp4
DIARFHW26040,,,"LB 500
NW 1.060
SIZE 12",500,1,https://gembox.app/s/kuFTHtiLGV,video360,"https://media.gemlightbox.com/videos/gallery/207732/1774178598103-9dad542d15e49b621244-1757e9722c699fe50bddb22346e51f48mp4.mp4?tr=f-mp4,https://media.gemlightbox.com/images/gallery/207732/1774178700800-3540578420669172a7c1-019d1548ee6c7337ac85d80843c71c7eoriginal.png?tr=f-jpg,https://media.gemlightbox.com/images/gallery/207732/1774178700805-3d0e030923fd10adcd85-019d1548ee707337ac85f60d97a28ea8original.png?tr=f-jpg"
,,,,,,,video360,https://media.gemlightbox.com/videos/gallery/207732/1774178598103-9dad542d15e49b621244-1757e9722c699fe50bddb22346e51f48mp4.mp4?tr=f-mp4
,,,,,,,image,https://media.gemlightbox.com/images/gallery/207732/1774178700800-3540578420669172a7c1-019d1548ee6c7337ac85d80843c71c7eoriginal.png?tr=f-jpg
,,,,,,,image,https://media.gemlightbox.com/images/gallery/207732/1774178700805-3d0e030923fd10adcd85-019d1548ee707337ac85f60d97a28ea8original.png?tr=f-jpg
DIARFHW26048,,,"LB 500
NW 2.300
SIZE 14",500,2,https://gembox.app/s/G4M27eIJYz,video360,"https://media.gemlightbox.com/videos/gallery/207732/1774178114880-d3fd57abc8a6e49effd9-3bb8fcd57206c646d3598401f61d903bmp4.mp4?tr=f-mp4,https://media.gemlightbox.com/images/gallery/207732/1774178230448-2fdcd21008ee101b7c69-019d154180bb7337ac85894beffcba55original.png?tr=f-jpg,https://media.gemlightbox.com/images/gallery/207732/1774178230453-999384fd7f7dcedf2528-019d154180c57337ac85a09a800163fdoriginal.png?tr=f-jpg"
,,,,,,,video360,https://media.gemlightbox.com/videos/gallery/207732/1774178114880-d3fd57abc8a6e49effd9-3bb8fcd57206c646d3598401f61d903bmp4.mp4?tr=f-mp4
,,,,,,,image,https://media.gemlightbox.com/images/gallery/207732/1774178230448-2fdcd21008ee101b7c69-019d154180bb7337ac85894beffcba55original.png?tr=f-jpg
,,,,,,,image,https://media.gemlightbox.com/images/gallery/207732/1774178230453-999384fd7f7dcedf2528-019d154180c57337ac85a09a800163fdoriginal.png?tr=f-jpg
DIARFHW26049,,Rings,"LB 500
NW 1.890
SIZE 13",500,1,https://gembox.app/s/4qi0LTTucA,video360,"https://media.gemlightbox.com/videos/gallery/207732/1774177735394-0a7f6afac0d8fc7be88f-8ecaed4dd63a2f9487acadaf2d882dadmp4.mp4?tr=f-mp4,https://media.gemlightbox.com/images/gallery/207732/1774177786349-f311b19af36a6f684022-019d153bc1337aa5a59f4d69e60156eboriginal.png?tr=f-jpg,https://media.gemlightbox.com/images/gallery/207732/1774177786354-618cfd7e68affcc5092c-019d153bc13d7aa5a59f66dc3c018157original.png?tr=f-jpg"
,,,,,,,video360,https://media.gemlightbox.com/videos/gallery/207732/1774177735394-0a7f6afac0d8fc7be88f-8ecaed4dd63a2f9487acadaf2d882dadmp4.mp4?tr=f-mp4
,,,,,,,image,https://media.gemlightbox.com/images/gallery/207732/1774177786349-f311b19af36a6f684022-019d153bc1337aa5a59f4d69e60156eboriginal.png?tr=f-jpg
,,,,,,,image,https://media.gemlightbox.com/images/gallery/207732/1774177786354-618cfd7e68affcc5092c-019d153bc13d7aa5a59f66dc3c018157original.png?tr=f-jpg
DIARFHR26049,,,"LB 500
NW 1.910
SIZE 12",500,1,https://gembox.app/s/49maaW41DK,video360,"https://media.gemlightbox.com/videos/gallery/207732/1774177009205-e34bee271fa64f1b7bd6-0c6a028633cec835e5636079fe09cb3emp4.mp4?tr=f-mp4,https://media.gemlightbox.com/images/gallery/207732/1774177065880-05a59eacc52c3b29eab6-019d1530a85d711fa4ab4de3fd2e0845original.png?tr=f-jpg"
,,,,,,,video360,https://media.gemlightbox.com/videos/gallery/207732/1774177009205-e34bee271fa64f1b7bd6-0c6a028633cec835e5636079fe09cb3emp4.mp4?tr=f-mp4
,,,,,,,image,https://media.gemlightbox.com/images/gallery/207732/1774177065880-05a59eacc52c3b29eab6-019d1530a85d711fa4ab4de3fd2e0845original.png?tr=f-jpg
DIARFHW26050,,Rings,"LB 500
NW 1.170
SIZE 14",500,2,https://gembox.app/s/GDejTHNfIm,video360,"https://media.gemlightbox.com/videos/gallery/207732/1774176659495-6e481ca8cdd157ec34f0-eeb6d832d2019a9026e2119b554926c8mp4.mp4?tr=f-mp4,https://media.gemlightbox.com/images/gallery/207732/1774176698051-1ce3c869d5bd6be7bce5-019d152b5443788698aaf013e67d39c4original.png?tr=f-jpg,https://media.gemlightbox.com/images/gallery/207732/1774176698057-ece11427c954a5d4b9aa-019d152b544d788698ab0d4347798b90original.png?tr=f-jpg"
,,,,,,,video360,https://media.gemlightbox.com/videos/gallery/207732/1774176659495-6e481ca8cdd157ec34f0-eeb6d832d2019a9026e2119b554926c8mp4.mp4?tr=f-mp4
,,,,,,,image,https://media.gemlightbox.com/images/gallery/207732/1774176698051-1ce3c869d5bd6be7bce5-019d152b5443788698aaf013e67d39c4original.png?tr=f-jpg
,,,,,,,image,https://media.gemlightbox.com/images/gallery/207732/1774176698057-ece11427c954a5d4b9aa-019d152b544d788698ab0d4347798b90original.png?tr=f-jpg
DIARFHR26051,,Rings,"LB 500
NW 1.130
SIZE 12",500,2,https://gembox.app/s/hN3Odu8Etx,video360,"https://media.gemlightbox.com/videos/gallery/207732/1774176542140-581b9b9aee06adda5341-08adb5146c7a7d55791a21ff50d0ef9emp4.mp4?tr=f-mp4,https://media.gemlightbox.com/images/gallery/207732/1774176604139-c3fcca62868451e6dad4-019d15298967788698aaccd20fda195eoriginal.png?tr=f-jpg,https://media.gemlightbox.com/images/gallery/207732/1774176604145-a26e9eed67268e290ca2-019d15298970788698aae6f15a49a9cforiginal.png?tr=f-jpg"
,,,,,,,video360,https://media.gemlightbox.com/videos/gallery/207732/1774176542140-581b9b9aee06adda5341-08adb5146c7a7d55791a21ff50d0ef9emp4.mp4?tr=f-mp4
,,,,,,,image,https://media.gemlightbox.com/images/gallery/207732/1774176604139-c3fcca62868451e6dad4-019d15298967788698aaccd20fda195eoriginal.png?tr=f-jpg
,,,,,,,image,https://media.gemlightbox.com/images/gallery/207732/1774176604145-a26e9eed67268e290ca2-019d15298970788698aae6f15a49a9cforiginal.png?tr=f-jpg
DIARFHR26052,,,"LB 500 
NW 2.410
SIZE 14",500,1,https://gembox.app/s/JUn8tEQryO,video360,"https://media.gemlightbox.com/videos/gallery/207732/1774176356879-2531388ac2ca5d93dc20-cc470f0bc06eac496bc15d1fc87d2b03mp4.mp4?tr=f-mp4,https://media.gemlightbox.com/images/gallery/207732/1774176466218-c48954e8a301b942a8d0-019d1526b9ef788698aa78ed5ce1941doriginal.png?tr=f-jpg,https://media.gemlightbox.com/images/gallery/207732/1774176466223-6d82b5ba73c19156603c-019d1526b9f4788698aa93353acb6f0coriginal.png?tr=f-jpg"
,,,,,,,video360,https://media.gemlightbox.com/videos/gallery/207732/1774176356879-2531388ac2ca5d93dc20-cc470f0bc06eac496bc15d1fc87d2b03mp4.mp4?tr=f-mp4
,,,,,,,image,https://media.gemlightbox.com/images/gallery/207732/1774176466218-c48954e8a301b942a8d0-019d1526b9ef788698aa78ed5ce1941doriginal.png?tr=f-jpg
,,,,,,,image,https://media.gemlightbox.com/images/gallery/207732/1774176466223-6d82b5ba73c19156603c-019d1526b9f4788698aa93353acb6f0coriginal.png?tr=f-jpg
DIARFHW26052,,,"LB 500 
NW 2.170 
SIZE 5",500,1,https://gembox.app/s/iq8jzDDMVn,video360,"https://media.gemlightbox.com/videos/gallery/207732/1774175779326-2435dab3e8200ad5d7dd-440f1f1285570463ff6ea68a36b6fac1mp4.mp4?tr=f-mp4,https://media.gemlightbox.com/images/gallery/207732/1774175845138-95e12c9e1c646798a785-019d151de70c7bbc81e5395545bb693doriginal.png?tr=f-jpg,https://media.gemlightbox.com/images/gallery/207732/1774175845143-7af8400d447a6ae40668-019d151de71a7bbc81e55551a998a5eboriginal.png?tr=f-jpg"
,,,,,,,video360,https://media.gemlightbox.com/videos/gallery/207732/1774175779326-2435dab3e8200ad5d7dd-440f1f1285570463ff6ea68a36b6fac1mp4.mp4?tr=f-mp4
,,,,,,,image,https://media.gemlightbox.com/images/gallery/207732/1774175845138-95e12c9e1c646798a785-019d151de70c7bbc81e5395545bb693doriginal.png?tr=f-jpg
,,,,,,,image,https://media.gemlightbox.com/images/gallery/207732/1774175845143-7af8400d447a6ae40668-019d151de71a7bbc81e55551a998a5eboriginal.png?tr=f-jpg
DIARFHR26053,,,"LB 500
NW 1.820
SIZE 13",500,1,https://gembox.app/s/ei0tv6UmX8,video360,"https://media.gemlightbox.com/videos/gallery/207732/1774175659716-5591283a96c791eaf918-de134de1f77659eb40ccdfaf7383f08bmp4.mp4?tr=f-mp4,https://media.gemlightbox.com/images/gallery/207732/1774175734283-870e2ffbd79d5bf2c3e9-019d151c0d437bbc81e5159362d41795original.png?tr=f-jpg,https://media.gemlightbox.com/images/gallery/207732/1774175734288-9cfbfe59a75fd4106455-019d151c0d4c7bbc81e52a8b9fcc44f1original.png?tr=f-jpg"
,,,,,,,video360,https://media.gemlightbox.com/videos/gallery/207732/1774175659716-5591283a96c791eaf918-de134de1f77659eb40ccdfaf7383f08bmp4.mp4?tr=f-mp4
,,,,,,,image,https://media.gemlightbox.com/images/gallery/207732/1774175734283-870e2ffbd79d5bf2c3e9-019d151c0d437bbc81e5159362d41795original.png?tr=f-jpg
,,,,,,,image,https://media.gemlightbox.com/images/gallery/207732/1774175734288-9cfbfe59a75fd4106455-019d151c0d4c7bbc81e52a8b9fcc44f1original.png?tr=f-jpg
DIARFHW26053,,,"LB 500
NW 1.730
SIZE 14",500,1,https://gembox.app/s/DysYQVetmH,video360,"https://media.gemlightbox.com/videos/gallery/207732/1774175478467-846b7e777b69dc40b648-833ad9457d51928cdf5142b8e4f279aamp4.mp4?tr=f-mp4,https://media.gemlightbox.com/images/gallery/207732/1774175543890-b7234f253ae58b7a4e1a-019d15194cbb7bbc81e4c0c58e7a4c1coriginal.png?tr=f-jpg,https://media.gemlightbox.com/images/gallery/207732/1774175543895-e493f7925cbc767ae0c8-019d15194cc57bbc81e4da537a3ebce7original.png?tr=f-jpg"
,,,,,,,video360,https://media.gemlightbox.com/videos/gallery/207732/1774175478467-846b7e777b69dc40b648-833ad9457d51928cdf5142b8e4f279aamp4.mp4?tr=f-mp4
,,,,,,,image,https://media.gemlightbox.com/images/gallery/207732/1774175543890-b7234f253ae58b7a4e1a-019d15194cbb7bbc81e4c0c58e7a4c1coriginal.png?tr=f-jpg
,,,,,,,image,https://media.gemlightbox.com/images/gallery/207732/1774175543895-e493f7925cbc767ae0c8-019d15194cc57bbc81e4da537a3ebce7original.png?tr=f-jpg
DIARFHW26054,,,"LB 500
NW 2.530
SIZE 14",500,1,https://gembox.app/s/aojtTQ4Mxd,video360,"https://media.gemlightbox.com/videos/gallery/207732/1774175195872-672d322e0a8cccc52490-a31f29776bb6cd67eab267b77c74a430mp4.mp4?tr=f-mp4,https://media.gemlightbox.com/images/gallery/207732/1774175330996-a83db60dfe24049d1c23-019d1514f7f5711eb05a60a60bac2a00original.png?tr=f-jpg"
,,,,,,,video360,https://media.gemlightbox.com/videos/gallery/207732/1774175195872-672d322e0a8cccc52490-a31f29776bb6cd67eab267b77c74a430mp4.mp4?tr=f-mp4
,,,,,,,image,https://media.gemlightbox.com/images/gallery/207732/1774175330996-a83db60dfe24049d1c23-019d1514f7f5711eb05a60a60bac2a00original.png?tr=f-jpg
DIARFHR26055,,Rings,"LB 500
NW 0.960
SIZE 13",500,2,https://gembox.app/s/hc316uH79K,video360,"https://media.gemlightbox.com/videos/gallery/207732/1774175073328-fe9da0bd78f17f452dc3-d18d8abb0f88eedb515023aa833fde08mp4.mp4?tr=f-mp4,https://media.gemlightbox.com/images/gallery/207732/1774175129715-19ec2551386f3ac160ab-019d1512a6ed711eb05a3acc11316655original.png?tr=f-jpg,https://media.gemlightbox.com/images/gallery/207732/1774175129720-021be28e1b118d8d72f7-019d1512a6f3711eb05a57ffc798c448original.png?tr=f-jpg"
,,,,,,,video360,https://media.gemlightbox.com/videos/gallery/207732/1774175073328-fe9da0bd78f17f452dc3-d18d8abb0f88eedb515023aa833fde08mp4.mp4?tr=f-mp4
,,,,,,,image,https://media.gemlightbox.com/images/gallery/207732/1774175129715-19ec2551386f3ac160ab-019d1512a6ed711eb05a3acc11316655original.png?tr=f-jpg
,,,,,,,image,https://media.gemlightbox.com/images/gallery/207732/1774175129720-021be28e1b118d8d72f7-019d1512a6f3711eb05a57ffc798c448original.png?tr=f-jpg
DIARFHW26056,,,"LB 500
NW 2.860
SIZE 13",500,1,https://gembox.app/s/lEpoMAzHcz,video360,"https://media.gemlightbox.com/videos/gallery/207732/1774174751312-610a458c91eb004e2ba0-d4ab505bff1976970893443d60ef6614mp4.mp4?tr=f-mp4,https://media.gemlightbox.com/images/gallery/207732/1774174833871-4cfe0a1d80d80a47236e-019d150e2ff5711eb059c3b0318fb7f5original.png?tr=f-jpg,https://media.gemlightbox.com/images/gallery/207732/1774174833877-78d16f7766ac8af16d65-019d150e3006711eb059dbc02abaea3eoriginal.png?tr=f-jpg"
,,,,,,,video360,https://media.gemlightbox.com/videos/gallery/207732/1774174751312-610a458c91eb004e2ba0-d4ab505bff1976970893443d60ef6614mp4.mp4?tr=f-mp4
,,,,,,,image,https://media.gemlightbox.com/images/gallery/207732/1774174833871-4cfe0a1d80d80a47236e-019d150e2ff5711eb059c3b0318fb7f5original.png?tr=f-jpg
,,,,,,,image,https://media.gemlightbox.com/images/gallery/207732/1774174833877-78d16f7766ac8af16d65-019d150e3006711eb059dbc02abaea3eoriginal.png?tr=f-jpg
DIARFHR26056,,,"LB 500
NW 2.900
SIZE 11",500,1,https://gembox.app/s/PDSTxdpsQ1,video360,"https://media.gemlightbox.com/videos/gallery/207732/1774174578128-d252d47e1e5e3e14694a-8cf9b635a42a166d6d79218f685cdce6mp4.mp4?tr=f-mp4,https://media.gemlightbox.com/images/gallery/207732/1774174678414-acfd47fa2ca57295f50d-019d150b9227711eb05998870ba90cbdoriginal.png?tr=f-jpg,https://media.gemlightbox.com/images/gallery/207732/1774174678417-5c2805e33cecb3254577-019d150b9235711eb059b1ece906a2c5original.png?tr=f-jpg"
,,,,,,,video360,https://media.gemlightbox.com/videos/gallery/207732/1774174578128-d252d47e1e5e3e14694a-8cf9b635a42a166d6d79218f685cdce6mp4.mp4?tr=f-mp4
,,,,,,,image,https://media.gemlightbox.com/images/gallery/207732/1774174678414-acfd47fa2ca57295f50d-019d150b9227711eb05998870ba90cbdoriginal.png?tr=f-jpg
,,,,,,,image,https://media.gemlightbox.com/images/gallery/207732/1774174678417-5c2805e33cecb3254577-019d150b9235711eb059b1ece906a2c5original.png?tr=f-jpg
DIARFHW26057,,,"LB 500
NW 2.600
SIZE 10",500,1,https://gembox.app/s/AUzUJ5lutR,video360,"https://media.gemlightbox.com/videos/gallery/207732/1774174384657-54185baddb045be55fcf-75d85ef0bc1f1e6593ec8a403247ea8emp4.mp4?tr=f-mp4,https://media.gemlightbox.com/images/gallery/207732/1774174457197-937c0b9166f34f2c720a-019d15089764711eb0594c6954fe574doriginal.png?tr=f-jpg,https://media.gemlightbox.com/images/gallery/207732/1774174457200-775937e32f0089fd073d-019d15089782711eb0596641e44a835doriginal.png?tr=f-jpg"
,,,,,,,video360,https://media.gemlightbox.com/videos/gallery/207732/1774174384657-54185baddb045be55fcf-75d85ef0bc1f1e6593ec8a403247ea8emp4.mp4?tr=f-mp4
,,,,,,,image,https://media.gemlightbox.com/images/gallery/207732/1774174457197-937c0b9166f34f2c720a-019d15089764711eb0594c6954fe574doriginal.png?tr=f-jpg
,,,,,,,image,https://media.gemlightbox.com/images/gallery/207732/1774174457200-775937e32f0089fd073d-019d15089782711eb0596641e44a835doriginal.png?tr=f-jpg
DIARFHW26058,,,"LB 500
NW 2.650
SIZE 11",500,1,https://gembox.app/s/KYPRRe0jKs,video360,"https://media.gemlightbox.com/videos/gallery/207732/1774174222393-51967e6abfa80bc24b00-cf84d17540bdd45e835401dfe9d31bc8mp4.mp4?tr=f-mp4,https://media.gemlightbox.com/images/gallery/207732/1774174290586-e9bd8349c787e07dc028-019d15062227711eb05921fd9551d91coriginal.png?tr=f-jpg,https://media.gemlightbox.com/images/gallery/207732/1774174290592-7231a443ba6c84fe28c5-019d15062239711eb05939da01da1c86original.png?tr=f-jpg"
,,,,,,,video360,https://media.gemlightbox.com/videos/gallery/207732/1774174222393-51967e6abfa80bc24b00-cf84d17540bdd45e835401dfe9d31bc8mp4.mp4?tr=f-mp4
,,,,,,,image,https://media.gemlightbox.com/images/gallery/207732/1774174290586-e9bd8349c787e07dc028-019d15062227711eb05921fd9551d91coriginal.png?tr=f-jpg
,,,,,,,image,https://media.gemlightbox.com/images/gallery/207732/1774174290592-7231a443ba6c84fe28c5-019d15062239711eb05939da01da1c86original.png?tr=f-jpg
DIARFHW26060,,,"LB 500
NW 2.590
SIZE 10",500,1,https://gembox.app/s/Fv1g0rK8YS,video360,"https://media.gemlightbox.com/videos/gallery/207732/1774181983521-ee66347ef605fb012bc3-c56903373096b457abc5e1326fd9728cmp4.mp4?tr=f-mp4,https://media.gemlightbox.com/images/gallery/207732/1774182033845-89a09c1d2b081c65c115-019d157c796b7ee99b4e1cb0185b859eoriginal.png?tr=f-jpg"
,,,,,,,video360,https://media.gemlightbox.com/videos/gallery/207732/1774181983521-ee66347ef605fb012bc3-c56903373096b457abc5e1326fd9728cmp4.mp4?tr=f-mp4
,,,,,,,image,https://media.gemlightbox.com/images/gallery/207732/1774182033845-89a09c1d2b081c65c115-019d157c796b7ee99b4e1cb0185b859eoriginal.png?tr=f-jpg
DIARFHW26061,,Rings,"LB 500 
NW 2.600 
SIZE 10",500,1,https://gembox.app/s/iw3xZs6Ej2,video360,"https://media.gemlightbox.com/videos/gallery/207732/1774171614780-2a3bdc00313635182d01-9efb012e7fed95ffc8d8c17d2f329512mp4.mp4?tr=f-mp4,https://media.gemlightbox.com/images/gallery/207732/1774173287421-9dc342964fec0f3dd014-019d14ddc6ac7ddea1b5cd5646f0bc26original.png?tr=f-jpg,https://media.gemlightbox.com/images/gallery/207732/1774173287426-6a1c427c7379916df49e-019d14ddc6bd7ddea1b5e6e5096b06c1original.png?tr=f-jpg"
,,,,,,,video360,https://media.gemlightbox.com/videos/gallery/207732/1774171614780-2a3bdc00313635182d01-9efb012e7fed95ffc8d8c17d2f329512mp4.mp4?tr=f-mp4
,,,,,,,image,https://media.gemlightbox.com/images/gallery/207732/1774173287421-9dc342964fec0f3dd014-019d14ddc6ac7ddea1b5cd5646f0bc26original.png?tr=f-jpg
,,,,,,,image,https://media.gemlightbox.com/images/gallery/207732/1774173287426-6a1c427c7379916df49e-019d14ddc6bd7ddea1b5e6e5096b06c1original.png?tr=f-jpg
DIARBNR26062,,Rings,"LB 500
NW 3.100
SIZE 12",500,2,https://gembox.app/s/Z7Uhw7O7G5,video360,"https://media.gemlightbox.com/videos/gallery/207732/1774173348530-ce3bf820edf02636cc10-893addb19d875843541d5eb1fbc0b059mp4.mp4?tr=f-mp4,https://media.gemlightbox.com/images/gallery/207732/1774173449622-7d4e6c9b03e5965fc30b-019d14f8c3e97ddea1b5f4584039b05eoriginal.png?tr=f-jpg,https://media.gemlightbox.com/images/gallery/207732/1774173449628-50126a2824b0f13a6734-019d14f8c3fb7ddea1b60894c888c507original.png?tr=f-jpg"
,,,,,,,video360,https://media.gemlightbox.com/videos/gallery/207732/1774173348530-ce3bf820edf02636cc10-893addb19d875843541d5eb1fbc0b059mp4.mp4?tr=f-mp4
,,,,,,,image,https://media.gemlightbox.com/images/gallery/207732/1774173449622-7d4e6c9b03e5965fc30b-019d14f8c3e97ddea1b5f4584039b05eoriginal.png?tr=f-jpg
,,,,,,,image,https://media.gemlightbox.com/images/gallery/207732/1774173449628-50126a2824b0f13a6734-019d14f8c3fb7ddea1b60894c888c507original.png?tr=f-jpg
DIABFHW26007,,Bracelets,"LB 750
NW 3.790
SIZE XL",750,1,https://gembox.app/s/9kFHyj5qFG,video360,"https://media.gemlightbox.com/videos/gallery/207732/1774186644634-20c6049d0f41ba8e9f28-de552eb363791ff223fe194efa5fd071mp4.mp4?tr=f-mp4,https://media.gemlightbox.com/images/gallery/207732/1774186671893-4104bf2415b1564cd9a8-019d15c3ad907220b3484d13d98bf626original.png?tr=f-jpg,https://media.gemlightbox.com/images/gallery/207732/1774186671899-9c8f2a655131eb9dba46-019d15c3ad977220b34850298d53881doriginal.png?tr=f-jpg,https://media.gemlightbox.com/images/gallery/207732/1774186672062-cc64e8489511f4bb2e2d-019d15c3ada07220b3485d1909abff4doriginal.png?tr=f-jpg,https://media.gemlightbox.com/images/gallery/207732/1774186672064-4171274159bd074f5b60-019d15c3ada87220b348643155b62d6coriginal.png?tr=f-jpg"
,,,,,,,video360,https://media.gemlightbox.com/videos/gallery/207732/1774186644634-20c6049d0f41ba8e9f28-de552eb363791ff223fe194efa5fd071mp4.mp4?tr=f-mp4
,,,,,,,image,https://media.gemlightbox.com/images/gallery/207732/1774186671893-4104bf2415b1564cd9a8-019d15c3ad907220b3484d13d98bf626original.png?tr=f-jpg
,,,,,,,image,https://media.gemlightbox.com/images/gallery/207732/1774186671899-9c8f2a655131eb9dba46-019d15c3ad977220b34850298d53881doriginal.png?tr=f-jpg
,,,,,,,image,https://media.gemlightbox.com/images/gallery/207732/1774186672062-cc64e8489511f4bb2e2d-019d15c3ada07220b3485d1909abff4doriginal.png?tr=f-jpg
,,,,,,,image,https://media.gemlightbox.com/images/gallery/207732/1774186672064-4171274159bd074f5b60-019d15c3ada87220b348643155b62d6coriginal.png?tr=f-jpg
DIABFHW26005,,Bracelets,"LB 750
NW 2.870
SIZE 2XL",750,1,https://gembox.app/s/mnrFfrA5Fu,video360,"https://media.gemlightbox.com/videos/gallery/207732/1774165109354-415cd1964e1b21966cfa-cac3d65cd4f6af6ccb67e1809dff0551mp4.mp4?tr=f-mp4,https://media.gemlightbox.com/images/gallery/207732/1774165158457-35373825bd10f64a115a-019d147afd4f7aa5bb5e325bf6a331f6original.png?tr=f-jpg"
,,,,,,,video360,https://media.gemlightbox.com/videos/gallery/207732/1774165109354-415cd1964e1b21966cfa-cac3d65cd4f6af6ccb67e1809dff0551mp4.mp4?tr=f-mp4
,,,,,,,image,https://media.gemlightbox.com/images/gallery/207732/1774165158457-35373825bd10f64a115a-019d147afd4f7aa5bb5e325bf6a331f6original.png?tr=f-jpg
DIABFHR26005,,Bracelets,"LB 750 
NW 2.920
SIZE 2XL",750,1,https://gembox.app/s/IuhwnBUCKm,video360,"https://media.gemlightbox.com/videos/gallery/207732/1774164953538-fdf094d7c403ed4f065a-c5ef084cc3209cb41c4326c8ba524ad4mp4.mp4?tr=f-mp4,https://media.gemlightbox.com/images/gallery/207732/1774165033360-02c473ae68c296319ac1-019d1478aef97aa5bb5e0fe36f140d8coriginal.png?tr=f-jpg"
,,,,,,,video360,https://media.gemlightbox.com/videos/gallery/207732/1774164953538-fdf094d7c403ed4f065a-c5ef084cc3209cb41c4326c8ba524ad4mp4.mp4?tr=f-mp4
,,,,,,,image,https://media.gemlightbox.com/images/gallery/207732/1774165033360-02c473ae68c296319ac1-019d1478aef97aa5bb5e0fe36f140d8coriginal.png?tr=f-jpg
DIABFHY26004,,Bracelets,"LB 750
NW 1.900
SIZE XL",750,1,https://gembox.app/s/tKBDhDfGnF,video360,"https://media.gemlightbox.com/videos/gallery/207732/1774164768337-7f28f62bef2362713bca-26c5f8d7cf20d90b9e550ab09685e31bmp4.mp4?tr=f-mp4,https://media.gemlightbox.com/images/gallery/207732/1774164894663-fed983ec1bc6d656667b-019d1475e6777aa5bb5de398358c1cb2original.png?tr=f-jpg"
,,,,,,,video360,https://media.gemlightbox.com/videos/gallery/207732/1774164768337-7f28f62bef2362713bca-26c5f8d7cf20d90b9e550ab09685e31bmp4.mp4?tr=f-mp4
,,,,,,,image,https://media.gemlightbox.com/images/gallery/207732/1774164894663-fed983ec1bc6d656667b-019d1475e6777aa5bb5de398358c1cb2original.png?tr=f-jpg
DIABFHR26002,t Yellow Gold Floral Charm Bracelet with Round Brilliant Diamond,Bracelets,"LB 750
NW 1.860
SIZE 2XL",750,1,https://gembox.app/s/aVb0O9P2qJ,video360,"https://media.gemlightbox.com/videos/gallery/207732/1774164397052-a673b293df5bc77eac2c-6d8887980b5ee964b5059d80aea86168mp4.mp4?tr=f-mp4,https://media.gemlightbox.com/images/gallery/207732/1774164524288-fe2a5b15b76f4b354bb5-019d14703aa57885927665c96c676c7foriginal.png?tr=f-jpg"
,,,,,,,video360,https://media.gemlightbox.com/videos/gallery/207732/1774164397052-a673b293df5bc77eac2c-6d8887980b5ee964b5059d80aea86168mp4.mp4?tr=f-mp4
,,,,,,,image,https://media.gemlightbox.com/images/gallery/207732/1774164524288-fe2a5b15b76f4b354bb5-019d14703aa57885927665c96c676c7foriginal.png?tr=f-jpg
DIAFHW26008,,Bracelets,"LB 75O
NW 3.250
SIZE 2XL",750,2,https://gembox.app/s/Po44RLlZbV,video360,"https://media.gemlightbox.com/videos/gallery/207732/1774163224453-335e2de2c6ee7e5f3d4c-35478214ead9706a0131d89b888acc71mp4.mp4?tr=f-mp4,https://media.gemlightbox.com/images/gallery/207732/1774163328966-947e29d079bfd79f532f-019d145e54207cc09087908d6d857688original.png?tr=f-jpg"
,,,,,,,video360,https://media.gemlightbox.com/videos/gallery/207732/1774163224453-335e2de2c6ee7e5f3d4c-35478214ead9706a0131d89b888acc71mp4.mp4?tr=f-mp4
,,,,,,,image,https://media.gemlightbox.com/images/gallery/207732/1774163328966-947e29d079bfd79f532f-019d145e54207cc09087908d6d857688original.png?tr=f-jpg
DIABFHW26009,,,"LB 750
NW 2.360
SIZE 2XL",750,1,https://gembox.app/s/yeEQdnPwmK,video360,"https://media.gemlightbox.com/videos/gallery/207732/1774162456839-b256ba9fadb0b2860436-74f5f8e54aa2a9b3c3f11a95f62d8303mp4.mp4?tr=f-mp4,https://media.gemlightbox.com/images/gallery/207732/1774162540211-bdfb941ce2663a2f1e91-019d14529e387bb1a7c6cd42136d66bdoriginal.png?tr=f-jpg,https://media.gemlightbox.com/videos/gallery/207732/1774188671432-37f53a19dcfff87f2f51-1a8350adede87f0e89925db34ec793a0mp4.mp4?tr=f-mp4,https://media.gemlightbox.com/images/gallery/207732/1774188735993-15fa51df63d0b6be5add-019d15e21ae671128cc9cd183dfd5940original.png?tr=f-jpg"
,,,,,,,video360,https://media.gemlightbox.com/videos/gallery/207732/1774162456839-b256ba9fadb0b2860436-74f5f8e54aa2a9b3c3f11a95f62d8303mp4.mp4?tr=f-mp4
,,,,,,,image,https://media.gemlightbox.com/images/gallery/207732/1774162540211-bdfb941ce2663a2f1e91-019d14529e387bb1a7c6cd42136d66bdoriginal.png?tr=f-jpg
,,,,,,,video360,https://media.gemlightbox.com/videos/gallery/207732/1774188671432-37f53a19dcfff87f2f51-1a8350adede87f0e89925db34ec793a0mp4.mp4?tr=f-mp4
,,,,,,,image,https://media.gemlightbox.com/images/gallery/207732/1774188735993-15fa51df63d0b6be5add-019d15e21ae671128cc9cd183dfd5940original.png?tr=f-jpg
DIABFHY26010,,,"LB 750
NW 1.470 
SIZE XL",750,1,https://gembox.app/s/MXVH4DOtjG,video360,"https://media.gemlightbox.com/videos/gallery/207732/1774162157855-00401815e9971b892251-c7d7f0422e057432d60f0811030bdeacmp4.mp4?tr=f-mp4,https://media.gemlightbox.com/images/gallery/207732/1774162295253-ce63c05d52afca8873e5-019d144e09fb7bb1a7c6a4fa0bea5745original.png?tr=f-jpg,https://media.gemlightbox.com/videos/gallery/207732/1774189016975-763a55bd3a3374d9f131-f952ac247bf08d3eac85026b12422105mp4.mp4?tr=f-mp4,https://media.gemlightbox.com/images/gallery/207732/1774189048392-bff01bf0a924abe38c3f-019d15e73fbe7885b44a475743c5d9a2original.png?tr=f-jpg"
,,,,,,,video360,https://media.gemlightbox.com/videos/gallery/207732/1774162157855-00401815e9971b892251-c7d7f0422e057432d60f0811030bdeacmp4.mp4?tr=f-mp4
,,,,,,,image,https://media.gemlightbox.com/images/gallery/207732/1774162295253-ce63c05d52afca8873e5-019d144e09fb7bb1a7c6a4fa0bea5745original.png?tr=f-jpg
,,,,,,,video360,https://media.gemlightbox.com/videos/gallery/207732/1774189016975-763a55bd3a3374d9f131-f952ac247bf08d3eac85026b12422105mp4.mp4?tr=f-mp4
,,,,,,,image,https://media.gemlightbox.com/images/gallery/207732/1774189048392-bff01bf0a924abe38c3f-019d15e73fbe7885b44a475743c5d9a2original.png?tr=f-jpg
DIABFHW26011,,,"LB 750
NW 1.800
SIZE 2XL",750,1,https://gembox.app/s/WSRTBhCr8Y,video360,"https://media.gemlightbox.com/videos/gallery/207732/1774161833776-50da1a99c5a8ab36100f-77097981b0ba0836598a24103ac3ec18mp4.mp4?tr=f-mp4,https://media.gemlightbox.com/images/gallery/207732/1774161931865-52311e9d16bbb8549eeb-019d144915127bb1a7c62f387d04662eoriginal.png?tr=f-jpg,https://media.gemlightbox.com/images/gallery/207732/1774189492964-fb11169d06d9affebcff-019d15edded77885b44ae4033ee82753original.png?tr=f-jpg"
,,,,,,,video360,https://media.gemlightbox.com/videos/gallery/207732/1774161833776-50da1a99c5a8ab36100f-77097981b0ba0836598a24103ac3ec18mp4.mp4?tr=f-mp4
,,,,,,,image,https://media.gemlightbox.com/images/gallery/207732/1774161931865-52311e9d16bbb8549eeb-019d144915127bb1a7c62f387d04662eoriginal.png?tr=f-jpg
,,,,,,,image,https://media.gemlightbox.com/images/gallery/207732/1774189492964-fb11169d06d9affebcff-019d15edded77885b44ae4033ee82753original.png?tr=f-jpg
DIABFHW26012,,Bracelets,"LB 750
NW 2.100
SIZE 2XL",750,1,https://gembox.app/s/ULXrM1DIjF,video360,"https://media.gemlightbox.com/videos/gallery/207732/1774161238304-86ad68f2d041c67010db-6a2b4f702ff8378d5a8762e794179c5bmp4.mp4?tr=f-mp4,https://media.gemlightbox.com/images/gallery/207732/1774161447876-927d0680e5f6aec95190-019d143ffca77dda84016011d4f7b75boriginal.png?tr=f-jpg"
,,,,,,,video360,https://media.gemlightbox.com/videos/gallery/207732/1774161238304-86ad68f2d041c67010db-6a2b4f702ff8378d5a8762e794179c5bmp4.mp4?tr=f-mp4
,,,,,,,image,https://media.gemlightbox.com/images/gallery/207732/1774161447876-927d0680e5f6aec95190-019d143ffca77dda84016011d4f7b75boriginal.png?tr=f-jpg
DIABFHR26013,,,"LB 750
NW 2.810
SIZE 2XL
",750,1,https://gembox.app/s/T9DIrJ8dZq,video360,"https://media.gemlightbox.com/videos/gallery/207732/1774160632835-98e8bd865e02d01c470a-9793a5f7672afd9353fead514e3dc81fmp4.mp4?tr=f-mp4,https://media.gemlightbox.com/images/gallery/207732/1774160901045-2f1874a15f1106792dd7-019d1436c7667dda8401385566705d8coriginal.png?tr=f-jpg,https://media.gemlightbox.com/images/gallery/207732/1774189808306-8a2fc9f90d7980c1dd25-019d15f331a8755a907b66dfecfd34a4original.png?tr=f-jpg"
,,,,,,,video360,https://media.gemlightbox.com/videos/gallery/207732/1774160632835-98e8bd865e02d01c470a-9793a5f7672afd9353fead514e3dc81fmp4.mp4?tr=f-mp4
,,,,,,,image,https://media.gemlightbox.com/images/gallery/207732/1774160901045-2f1874a15f1106792dd7-019d1436c7667dda8401385566705d8coriginal.png?tr=f-jpg
,,,,,,,image,https://media.gemlightbox.com/images/gallery/207732/1774189808306-8a2fc9f90d7980c1dd25-019d15f331a8755a907b66dfecfd34a4original.png?tr=f-jpg
DIABFHW26020,,Bracelets,"SIZE 4XL
LB 510
NW 17.570",510,1,https://gembox.app/s/jBpTf5bQ1p,video360,"https://media.gemlightbox.com/videos/gallery/207732/1774115377507-9dfd6cddae6130d87929-6be49974e2a31d52b6d12fc2898b3d9emp4.mp4?tr=f-mp4,https://media.gemlightbox.com/images/gallery/207732/1774115485396-98904388216007041e40-019d11843ebe7006aab58c69fd2c0b00original.png?tr=f-jpg"
,,,,,,,video360,https://media.gemlightbox.com/videos/gallery/207732/1774115377507-9dfd6cddae6130d87929-6be49974e2a31d52b6d12fc2898b3d9emp4.mp4?tr=f-mp4
,,,,,,,image,https://media.gemlightbox.com/images/gallery/207732/1774115485396-98904388216007041e40-019d11843ebe7006aab58c69fd2c0b00original.png?tr=f-jpg
DIARFHR26036,,Rings,"SIZE 14
LB 500
NW 3.050",500,1,https://gembox.app/s/WSZhNYqbLN,video360,"https://media.gemlightbox.com/videos/gallery/207732/1774114817835-6ec92886ad76875e8471-ad026cdb8ea1cbc459da683c2349d608mp4.mp4?tr=f-mp4,https://media.gemlightbox.com/images/gallery/207732/1774114882998-d3d0ba418e8300ff96dc-019d117bbcf87006aab53b489dcec9dcoriginal.png?tr=f-jpg,https://media.gemlightbox.com/images/gallery/207732/1774114883003-2d4c2f1a73069320eb75-019d117bbd247006aab555f171118a7doriginal.png?tr=f-jpg"
,,,,,,,video360,https://media.gemlightbox.com/videos/gallery/207732/1774114817835-6ec92886ad76875e8471-ad026cdb8ea1cbc459da683c2349d608mp4.mp4?tr=f-mp4
,,,,,,,image,https://media.gemlightbox.com/images/gallery/207732/1774114882998-d3d0ba418e8300ff96dc-019d117bbcf87006aab53b489dcec9dcoriginal.png?tr=f-jpg
,,,,,,,image,https://media.gemlightbox.com/images/gallery/207732/1774114883003-2d4c2f1a73069320eb75-019d117bbd247006aab555f171118a7doriginal.png?tr=f-jpg
DIARFHW26037,,Rings,"SIZE 12
LB 500
NW 1.420",500,1,https://gembox.app/s/DwswRIbNze,video360,"https://media.gemlightbox.com/videos/gallery/207732/1774114386835-cb83a865b1ceef2229e3-27a4183a336f7f03b54a4ca654d4c53emp4.mp4?tr=f-mp4,https://media.gemlightbox.com/images/gallery/207732/1774114457354-036b98b50ddffbda8eb7-019d117529857006aab4c558cf585e75original.png?tr=f-jpg,https://media.gemlightbox.com/images/gallery/207732/1774114457359-4027dadbb9bcf6ad2eae-019d117529a57006aab4d895f327bbfforiginal.png?tr=f-jpg"
,,,,,,,video360,https://media.gemlightbox.com/videos/gallery/207732/1774114386835-cb83a865b1ceef2229e3-27a4183a336f7f03b54a4ca654d4c53emp4.mp4?tr=f-mp4
,,,,,,,image,https://media.gemlightbox.com/images/gallery/207732/1774114457354-036b98b50ddffbda8eb7-019d117529857006aab4c558cf585e75original.png?tr=f-jpg
,,,,,,,image,https://media.gemlightbox.com/images/gallery/207732/1774114457359-4027dadbb9bcf6ad2eae-019d117529a57006aab4d895f327bbfforiginal.png?tr=f-jpg
DIARFHR26038,,Rings,"SIZE 13
LB 500
NW 2.380",500,1,https://gembox.app/s/acC7ZfRkkj,video360,"https://media.gemlightbox.com/videos/gallery/207732/1774114201871-19e98616e40440496fb8-a2ff5aa421b058c396e75ced158a3b49mp4.mp4?tr=f-mp4,https://media.gemlightbox.com/images/gallery/207732/1774114253105-fe3f38eac13f3c21c931-019d117257147006aab49ec844f21e21original.png?tr=f-jpg,https://media.gemlightbox.com/images/gallery/207732/1774114253111-d42d387526db49a5b9c0-019d117257357006aab4b6f5a02fe79foriginal.png?tr=f-jpg"
,,,,,,,video360,https://media.gemlightbox.com/videos/gallery/207732/1774114201871-19e98616e40440496fb8-a2ff5aa421b058c396e75ced158a3b49mp4.mp4?tr=f-mp4
,,,,,,,image,https://media.gemlightbox.com/images/gallery/207732/1774114253105-fe3f38eac13f3c21c931-019d117257147006aab49ec844f21e21original.png?tr=f-jpg
,,,,,,,image,https://media.gemlightbox.com/images/gallery/207732/1774114253111-d42d387526db49a5b9c0-019d117257357006aab4b6f5a02fe79foriginal.png?tr=f-jpg
DIARBNR26039,,Rings,"SIZE 14
LB 500
NW 2.520",500,1,https://gembox.app/s/tOqCQix6rK,video360,"https://media.gemlightbox.com/videos/gallery/207732/1774113873615-998da657b45a3f3e8169-35e3feb8551f564ed088dff811195f3emp4.mp4?tr=f-mp4,https://media.gemlightbox.com/images/gallery/207732/1774113933924-6a0abf977d257d66574c-019d116d57b37330b14b481a7420f2a1original.png?tr=f-jpg,https://media.gemlightbox.com/images/gallery/207732/1774113934143-11d6a994bf81d22d9eb4-019d116d57da7330b14b63015f331d17original.png?tr=f-jpg"
,,,,,,,video360,https://media.gemlightbox.com/videos/gallery/207732/1774113873615-998da657b45a3f3e8169-35e3feb8551f564ed088dff811195f3emp4.mp4?tr=f-mp4
,,,,,,,image,https://media.gemlightbox.com/images/gallery/207732/1774113933924-6a0abf977d257d66574c-019d116d57b37330b14b481a7420f2a1original.png?tr=f-jpg
,,,,,,,image,https://media.gemlightbox.com/images/gallery/207732/1774113934143-11d6a994bf81d22d9eb4-019d116d57da7330b14b63015f331d17original.png?tr=f-jpg
DIARFHR26034,,Rings,"SIZE 14, 11
LB 500
NW 3.00",500,2,https://gembox.app/s/hL42q8TiIp,video360,"https://media.gemlightbox.com/videos/gallery/207732/1774113579444-e49a246f27ad6ab3fffc-f8f5a20857b129cfacfc56c5c8b168b7mp4.mp4?tr=f-mp4,https://media.gemlightbox.com/images/gallery/207732/1774113672608-be01d18ca381e5a8d1dd-019d1168cba5700fb3e87eef82f46912original.png?tr=f-jpg,https://media.gemlightbox.com/images/gallery/207732/1774113672614-7d74de4c7a554f73de20-019d1168cbb1700fb3e89412aeb5cfbdoriginal.png?tr=f-jpg"
,,,,,,,video360,https://media.gemlightbox.com/videos/gallery/207732/1774113579444-e49a246f27ad6ab3fffc-f8f5a20857b129cfacfc56c5c8b168b7mp4.mp4?tr=f-mp4
,,,,,,,image,https://media.gemlightbox.com/images/gallery/207732/1774113672608-be01d18ca381e5a8d1dd-019d1168cba5700fb3e87eef82f46912original.png?tr=f-jpg
,,,,,,,image,https://media.gemlightbox.com/images/gallery/207732/1774113672614-7d74de4c7a554f73de20-019d1168cbb1700fb3e89412aeb5cfbdoriginal.png?tr=f-jpg
DIARFHR26030,,Rings,"SIZE 15
LB 500
NW 1.950",500,1,https://gembox.app/s/EjUOBs1zM9,video360,"https://media.gemlightbox.com/videos/gallery/207732/1774111340655-20f9a03f2830915201d4-b9466b4e800d6d44232b84199fb61ceamp4.mp4?tr=f-mp4,https://media.gemlightbox.com/images/gallery/207732/1774111382167-1162ef620d5ee1c654f1-019d1146a4cf700fb3e800a7ff977fdaoriginal.png?tr=f-jpg,https://media.gemlightbox.com/images/gallery/207732/1774111382172-18b94e0bd7cae10a5570-019d1146a4df700fb3e81bf3a04a3485original.png?tr=f-jpg"
,,,,,,,video360,https://media.gemlightbox.com/videos/gallery/207732/1774111340655-20f9a03f2830915201d4-b9466b4e800d6d44232b84199fb61ceamp4.mp4?tr=f-mp4
,,,,,,,image,https://media.gemlightbox.com/images/gallery/207732/1774111382167-1162ef620d5ee1c654f1-019d1146a4cf700fb3e800a7ff977fdaoriginal.png?tr=f-jpg
,,,,,,,image,https://media.gemlightbox.com/images/gallery/207732/1774111382172-18b94e0bd7cae10a5570-019d1146a4df700fb3e81bf3a04a3485original.png?tr=f-jpg
DIARFHR26029,,Rings,"SIZE 12
LB 500
NW 1.600",500,1,https://gembox.app/s/5nAjWcnNzZ,video360,"https://media.gemlightbox.com/videos/gallery/207732/1774111121159-b5cbab6f59beacc89c3c-81c74a0cf3263300426a362424db0af8mp4.mp4?tr=f-mp4,https://media.gemlightbox.com/images/gallery/207732/1774111187356-5d635b255dc5fb0640f3-019d11434ec0700fb3e7dc693495b3f6original.png?tr=f-jpg,https://media.gemlightbox.com/images/gallery/207732/1774111187361-19bdbce8c62828d3d198-019d11434ecd700fb3e7f5a42d2a0279original.png?tr=f-jpg"
,,,,,,,video360,https://media.gemlightbox.com/videos/gallery/207732/1774111121159-b5cbab6f59beacc89c3c-81c74a0cf3263300426a362424db0af8mp4.mp4?tr=f-mp4
,,,,,,,image,https://media.gemlightbox.com/images/gallery/207732/1774111187356-5d635b255dc5fb0640f3-019d11434ec0700fb3e7dc693495b3f6original.png?tr=f-jpg
,,,,,,,image,https://media.gemlightbox.com/images/gallery/207732/1774111187361-19bdbce8c62828d3d198-019d11434ecd700fb3e7f5a42d2a0279original.png?tr=f-jpg
DIARFHW26035,,Rings,"SIZE 11, 14
LB 500
NW 4.300",500,2,https://gembox.app/s/qXxB0D7dtd,video360,"https://media.gemlightbox.com/videos/gallery/207732/1774110755375-d6a88477865bf33319fe-a5d01c68fc4cd0d1d117b30ca1b0c9d4mp4.mp4?tr=f-mp4,https://media.gemlightbox.com/images/gallery/207732/1774110813896-319b85cf8ac6bc648ae8-019d113dc04d7aa28686fd9e68b2541boriginal.png?tr=f-jpg,https://media.gemlightbox.com/images/gallery/207732/1774110813898-beb1b5b3ca8eb06aa891-019d113dc06a7aa2868712272a35a791original.png?tr=f-jpg,https://media.gemlightbox.com/images/gallery/207732/1774110887157-7500bcc1f04f6fc1319b-019d113f9ed97aa286871f1d529da08boriginal.png?tr=f-jpg"
,,,,,,,video360,https://media.gemlightbox.com/videos/gallery/207732/1774110755375-d6a88477865bf33319fe-a5d01c68fc4cd0d1d117b30ca1b0c9d4mp4.mp4?tr=f-mp4
,,,,,,,image,https://media.gemlightbox.com/images/gallery/207732/1774110813896-319b85cf8ac6bc648ae8-019d113dc04d7aa28686fd9e68b2541boriginal.png?tr=f-jpg
,,,,,,,image,https://media.gemlightbox.com/images/gallery/207732/1774110813898-beb1b5b3ca8eb06aa891-019d113dc06a7aa2868712272a35a791original.png?tr=f-jpg
,,,,,,,image,https://media.gemlightbox.com/images/gallery/207732/1774110887157-7500bcc1f04f6fc1319b-019d113f9ed97aa286871f1d529da08boriginal.png?tr=f-jpg
DIARFHW26031,,Rings,"SIZE 15
LB 500
NW 4.16",500,1,https://gembox.app/s/QFRuLFNk3K,video360,"https://media.gemlightbox.com/videos/gallery/207732/1774110253168-8fd5c6ccd8a50167de31-1363f995fcefb569cf6758ea134fb976mp4.mp4?tr=f-mp4,https://media.gemlightbox.com/images/gallery/207732/1774110332213-2654782eb17e42879fbf-019d113615d77dd6b44b6e8bce8a972foriginal.png?tr=f-jpg,https://media.gemlightbox.com/images/gallery/207732/1774110332216-ea3350be73ad8fa3341c-019d1136160f7dd6b44b879e08007bc3original.png?tr=f-jpg"
,,,,,,,video360,https://media.gemlightbox.com/videos/gallery/207732/1774110253168-8fd5c6ccd8a50167de31-1363f995fcefb569cf6758ea134fb976mp4.mp4?tr=f-mp4
,,,,,,,image,https://media.gemlightbox.com/images/gallery/207732/1774110332213-2654782eb17e42879fbf-019d113615d77dd6b44b6e8bce8a972foriginal.png?tr=f-jpg
,,,,,,,image,https://media.gemlightbox.com/images/gallery/207732/1774110332216-ea3350be73ad8fa3341c-019d1136160f7dd6b44b879e08007bc3original.png?tr=f-jpg
DIARFHR26032,,Rings,"SIZE 14
LB 500
NW 2.43",500,1,https://gembox.app/s/7QQXRZFkm0,video360,"https://media.gemlightbox.com/videos/gallery/207732/1774110514866-7534cf5769a3309d380a-c9b3f3e7ba1a0797128ef2ad1c9e2f63mp4.mp4?tr=f-mp4,https://media.gemlightbox.com/images/gallery/207732/1774110554557-8c1b7a3dd738fd2561ed-019d113a15177aa28686af509b964d7doriginal.png?tr=f-jpg,https://media.gemlightbox.com/images/gallery/207732/1774110554559-70dd61d4a6fc8892c9ac-019d113a15437aa28686c1e691487191original.png?tr=f-jpg"
,,,,,,,video360,https://media.gemlightbox.com/videos/gallery/207732/1774110514866-7534cf5769a3309d380a-c9b3f3e7ba1a0797128ef2ad1c9e2f63mp4.mp4?tr=f-mp4
,,,,,,,image,https://media.gemlightbox.com/images/gallery/207732/1774110554557-8c1b7a3dd738fd2561ed-019d113a15177aa28686af509b964d7doriginal.png?tr=f-jpg
,,,,,,,image,https://media.gemlightbox.com/images/gallery/207732/1774110554559-70dd61d4a6fc8892c9ac-019d113a15437aa28686c1e691487191original.png?tr=f-jpg
DIARFHW26033,,,"SIZE 17
LB 500
NW 2.390",500,1,https://gembox.app/s/SSRFaq6svV,video360,"https://media.gemlightbox.com/videos/gallery/207732/1774109567662-5e2b5174cb5825c03198-df87334dd60d1a910239f9459f07334bmp4.mp4?tr=f-mp4,https://media.gemlightbox.com/images/gallery/207732/1774109677559-4c12ce5e3816debb6f6e-019d112b5f0c799f9cc33ad3ed979020original.png?tr=f-jpg,https://media.gemlightbox.com/images/gallery/207732/1774109677564-51f4bf56c3ff98573d3f-019d112b5f25799f9cc35002636b3f5boriginal.png?tr=f-jpg"
,,,,,,,video360,https://media.gemlightbox.com/videos/gallery/207732/1774109567662-5e2b5174cb5825c03198-df87334dd60d1a910239f9459f07334bmp4.mp4?tr=f-mp4
,,,,,,,image,https://media.gemlightbox.com/images/gallery/207732/1774109677559-4c12ce5e3816debb6f6e-019d112b5f0c799f9cc33ad3ed979020original.png?tr=f-jpg
,,,,,,,image,https://media.gemlightbox.com/images/gallery/207732/1774109677564-51f4bf56c3ff98573d3f-019d112b5f25799f9cc35002636b3f5boriginal.png?tr=f-jpg
DIARFHW26002,,Rings,"SIZE 14
NW 2.390",500,1,https://gembox.app/s/QUqp4uxUDP,video360,"https://media.gemlightbox.com/videos/gallery/207732/1774109012722-c2f46dba31e54dcbb318-8b4e948814724d87ee357bbb79525f86mp4.mp4?tr=f-mp4,https://media.gemlightbox.com/images/gallery/207732/1774109052267-a61da2fa83d041ec6277-019d11227d43700e94b79b77a7fe2618original.png?tr=f-jpg,https://media.gemlightbox.com/images/gallery/207732/1774109052434-239e7af11d1e250fa9aa-019d11227d4d700e94b7b61b84bd177boriginal.png?tr=f-jpg"
,,,,,,,video360,https://media.gemlightbox.com/videos/gallery/207732/1774109012722-c2f46dba31e54dcbb318-8b4e948814724d87ee357bbb79525f86mp4.mp4?tr=f-mp4
,,,,,,,image,https://media.gemlightbox.com/images/gallery/207732/1774109052267-a61da2fa83d041ec6277-019d11227d43700e94b79b77a7fe2618original.png?tr=f-jpg
,,,,,,,image,https://media.gemlightbox.com/images/gallery/207732/1774109052434-239e7af11d1e250fa9aa-019d11227d4d700e94b7b61b84bd177boriginal.png?tr=f-jpg
DIARFHW26003,,Rings,"SIZE 15
NW 2.26",500,2,https://gembox.app/s/bOlN5bJ2oI,video360,"https://media.gemlightbox.com/videos/gallery/207732/1774108856928-dee5de035297542b1e02-e3ec94fd2debdc0f5fad558c1864b5bcmp4.mp4?tr=f-mp4,https://media.gemlightbox.com/images/gallery/207732/1774108868164-0610da7f8e2eeab4afbb-019d111f214b700e94b776fddae6fa46original.png?tr=f-jpg,https://media.gemlightbox.com/images/gallery/207732/1774108868321-d572635a909758b5501c-019d111f2159700e94b78e42bba1e20foriginal.png?tr=f-jpg"
,,,,,,,video360,https://media.gemlightbox.com/videos/gallery/207732/1774108856928-dee5de035297542b1e02-e3ec94fd2debdc0f5fad558c1864b5bcmp4.mp4?tr=f-mp4
,,,,,,,image,https://media.gemlightbox.com/images/gallery/207732/1774108868164-0610da7f8e2eeab4afbb-019d111f214b700e94b776fddae6fa46original.png?tr=f-jpg
,,,,,,,image,https://media.gemlightbox.com/images/gallery/207732/1774108868321-d572635a909758b5501c-019d111f2159700e94b78e42bba1e20foriginal.png?tr=f-jpg
DIARFHW26001,,,"NW 2.790
SIZE 15",500,1,https://gembox.app/s/YlSSIYY5O4,video360,"https://media.gemlightbox.com/videos/gallery/207732/1774105148480-d17cf2cd23a8df44a2c1-2bc787cd9cbc3ae67cb2895c8aa1b24fmp4.mp4?tr=f-mp4,https://media.gemlightbox.com/images/gallery/207732/1774105171883-8d33c2a74f5250c991c3-019d10e765c47110a1ae63deef6a2f01original.png?tr=f-jpg,https://media.gemlightbox.com/images/gallery/207732/1774105171885-9cfc793c3cb5beaf89a3-019d10e765d67110a1ae79ba7894ff08original.png?tr=f-jpg"
,,,,,,,video360,https://media.gemlightbox.com/videos/gallery/207732/1774105148480-d17cf2cd23a8df44a2c1-2bc787cd9cbc3ae67cb2895c8aa1b24fmp4.mp4?tr=f-mp4
,,,,,,,image,https://media.gemlightbox.com/images/gallery/207732/1774105171883-8d33c2a74f5250c991c3-019d10e765c47110a1ae63deef6a2f01original.png?tr=f-jpg
,,,,,,,image,https://media.gemlightbox.com/images/gallery/207732/1774105171885-9cfc793c3cb5beaf89a3-019d10e765d67110a1ae79ba7894ff08original.png?tr=f-jpg
